router,method,path,function,line,fn_gate,file_router_gate,server_gate,exempt,no_gate
admin,POST,/users,create_user,32,1,0,1,0,0
admin,PUT,/users/{uid},update_user,56,1,0,1,0,0
admin,DELETE,/users/{uid},delete_user,71,1,0,1,0,0
admin,DELETE,/activity-logs/{log_id},delete_activity_log,104,1,0,1,0,0
admin,POST,/company-settings,save_company_settings,149,1,0,1,0,0
admin,POST,/roles,create_role,224,1,0,1,0,0
admin,PUT,/roles/{role_id},update_role,254,1,0,1,0,0
admin,DELETE,/roles/{role_id},delete_role,309,1,0,1,0,0
admin_backup,POST,/create,create_backup,514,1,0,1,0,0
admin_backup,POST,/restore,restore_backup,581,1,0,1,0,0
admin_backup,DELETE,/{backup_id},delete_backup,666,1,0,1,0,0
admin_backup,POST,/cleanup,cleanup_old_backups,692,1,0,1,0,0
admin_backup,POST,/download-ticket/{backup_id},create_download_ticket,743,1,0,1,0,0
admin_backup,POST,/upload,upload_backup,813,1,0,1,0,0
admin_backup,POST,/upload-file,upload_backup_file,839,1,0,1,0,0
admin_backup,POST,/upload-init,upload_init,937,1,0,1,0,0
admin_backup,POST,/upload-chunk,upload_chunk,960,1,0,1,0,0
admin_backup,POST,/upload-complete,upload_complete,1002,1,0,1,0,0
admin_backup,POST,/restore-selective,restore_selective,1144,1,0,1,0,0
admin_backup,POST,/clear-collections,clear_collections,1307,1,0,1,0,0
ai_usage_monitor,PUT,/settings,update_settings,176,1,0,1,0,0
analytics_ai,POST,/production/rca,production_rca,93,1,0,1,0,0
analytics_ai,POST,/qc/rca,qc_rca,274,1,0,1,0,0
announcements,POST,/,create_announcement,160,1,0,0,0,0
announcements,PUT,/{announcement_id},update_announcement,203,1,0,0,0,0
announcements,DELETE,/{announcement_id},delete_announcement,241,1,0,0,0,0
announcements,POST,/{announcement_id}/toggle,toggle_announcement_status,267,1,0,0,0,0
approval_multilevel,POST,/chains,create_chain,120,1,0,1,0,0
approval_multilevel,PUT,/chains/{chain_id},update_chain,148,1,0,1,0,0
approval_multilevel,DELETE,/chains/{chain_id},delete_chain,165,1,0,1,0,0
approval_multilevel,POST,/requests,submit_request,179,0,0,1,0,0
approval_multilevel,POST,/requests/{request_id}/approve,approve_request,239,0,0,1,0,0
approval_multilevel,POST,/requests/{request_id}/reject,reject_request,259,0,0,1,0,0
approval_multilevel,POST,/requests/{request_id}/cancel,cancel_request,279,1,0,1,0,0
approval_multilevel,POST,/seed-chains,seed_chains,344,1,0,1,0,0
approval_multilevel,POST,/seed-missing-chains,seed_missing_chains,358,1,0,1,0,0
asset/assets_core,POST,,create_asset,62,0,0,1,0,0
asset/assets_core,PUT,/{asset_id},update_asset,174,0,0,1,0,0
asset/assignments,POST,/{asset_id}/assign,assign_asset,19,0,0,1,0,0
asset/assignments,POST,/{asset_id}/unassign,unassign_asset,55,0,0,1,0,0
asset/assignments,POST,/{asset_id}/maintenance,add_maintenance,84,0,0,1,0,0
asset/bulk_import,POST,/bulk-import/preview,bulk_import_preview,14,0,0,1,0,0
asset/bulk_import,POST,/bulk-import/execute,bulk_import_execute,41,0,0,1,0,0
asset/bulk_import,POST,/bulk-import/execute-file,bulk_import_execute_file,184,0,0,1,0,0
asset/categories,POST,/categories,create_category,29,0,0,1,0,0
asset/categories,PUT,/categories/{cat_id},update_category,51,0,0,1,0,0
asset/categories,DELETE,/categories/{cat_id},delete_category,74,1,0,1,0,0
asset/depreciation_batch,POST,/batch-depreciate/{period},batch_depreciate,10,0,0,1,0,0
asset/depreciation_per,POST,/{asset_id}/depreciate/{period},post_depreciation,13,0,0,1,0,0
asset/disposal,PATCH,/disposal-requests/{req_id}/approve,approve_disposal_request,30,1,0,1,0,0
asset/disposal,PATCH,/disposal-requests/{req_id}/reject,reject_disposal_request,105,1,0,1,0,0
asset/disposal,POST,/{asset_id}/dispose,dispose_asset,141,0,0,1,0,0
asset/disposal,POST,/{asset_id}/request-disposal,request_disposal,200,0,0,1,0,0
asset/loans,POST,/loans,create_asset_loan,164,0,0,1,0,0
asset/loans,POST,/loans/{loan_id}/return,return_asset_loan,251,0,0,1,0,0
asset/photo,POST,/{asset_id}/upload-photo,upload_asset_photo,11,0,0,1,0,0
asset/predictive_maintenance,POST,/predictive-maintenance/acknowledge,acknowledge_pm_alert,248,0,0,1,0,0
asset/scan_label,POST,/{asset_id}/scan,scan_asset,26,0,0,1,0,0
asset/transfer,POST,/{asset_id}/transfer,transfer_asset,13,0,0,1,0,0
auth_routes,POST,/auth/download-token,issue_download_token,77,0,0,0,1,0
auth_routes,POST,/auth/login,login,91,1,0,0,0,0
auth_routes,POST,/auth/change-password,change_password,189,0,0,0,1,0
buyer_shipment,POST,/buyer-shipments,create_buyer_shipment,757,1,0,1,0,0
buyer_shipment,PUT,/buyer-shipments/{bsid},update_buyer_shipment,1119,1,0,1,0,0
buyer_shipment,DELETE,/buyer-shipments/{bsid},delete_buyer_shipment,1134,1,0,1,0,0
buyer_shipment,PUT,/buyer-shipment-items/{item_id},force_edit_buyer_shipment_item,1182,1,0,1,0,0
buyer_shipment,PUT,/buyer-shipment-items/{item_id}/received,set_buyer_shipment_item_received,1299,1,0,1,0,0
buyer_shipment,POST,/buyer-shorts/{short_id}/resolve,resolve_buyer_short,1496,1,0,1,0,0
cmt_override_routes,POST,/daily-recap/remind,daily_recap_remind,282,0,0,1,0,0
coa_auto,PUT,/settings,update_settings,374,0,1,1,0,0
coa_auto,POST,/backfill/{entity_type},backfill,402,0,1,1,0,0
communication/channel_messages,POST,/channels/{channel_id}/messages,send_channel_message,53,1,0,1,0,0
communication/channel_messages,POST,/channels/{channel_id}/upload,upload_file_message,133,0,0,1,0,0
communication/channels,POST,/channels,create_channel,58,0,0,1,0,0
communication/channels,PUT,/channels/{channel_id},update_channel,99,1,0,1,0,0
communication/channels,PATCH,/channels/{channel_id}/archive,archive_channel,128,1,0,1,0,0
communication/channels,PATCH,/channels/{channel_id}/unarchive,unarchive_channel,154,1,0,1,0,0
communication/channels,POST,/channels/{channel_id}/members,add_channel_members,203,0,0,1,0,0
communication/channels,DELETE,/channels/{channel_id}/members/{uid},remove_channel_member,226,1,0,1,0,0
communication/conversations,POST,/conversations/{other_uid}/messages,send_dm,52,1,0,1,0,0
communication/messages_actions,POST,/messages/{msg_id}/reaction,toggle_reaction,19,0,0,1,0,0
communication/messages_actions,PATCH,/messages/{msg_id},edit_message,59,0,0,1,0,0
communication/messages_actions,DELETE,/messages/{msg_id},delete_message,91,1,0,1,0,0
communication/messages_actions,POST,/messages/{msg_id}/pin,pin_message,133,1,0,1,0,0
communication/messages_actions,DELETE,/messages/{msg_id}/pin,unpin_message,172,1,0,1,0,0
communication/threads,POST,/messages/{root_id}/thread/reply,post_thread_reply,54,1,0,1,0,0
communication/unread_search,POST,/read/{ref_id},mark_as_read,52,1,0,1,0,0
cron_jobs,POST,/mark-overdue,cron_mark_overdue,140,0,0,1,0,0
cron_jobs,POST,/fg-valuation-check,cron_fg_valuation_check,145,0,0,1,0,0
cron_jobs,POST,/{job}/run-now,run_now,151,1,0,1,0,0
cutting,POST,/panels/cleanup,panels_cleanup,403,1,0,1,0,0
cutting,POST,/issue-docs/backfill,backfill_issue_docs,639,1,0,1,0,0
cutting,POST,/orders,create_order,680,1,0,1,0,0
cutting,PUT,/orders/{oid},update_order,863,1,0,1,0,0
cutting,DELETE,/orders/{oid},delete_order,922,1,0,1,0,0
cutting,POST,/orders/{oid}/start,start_order,948,1,0,1,0,0
cutting,POST,/orders/{oid}/progress,add_progress,994,1,0,1,0,0
cutting,POST,/orders/{oid}/complete,complete_order,1226,1,0,1,0,0
cutting,POST,/orders/{oid}/cancel,cancel_order,1307,1,0,1,0,0
data_transfer,POST,/import/{key},import_table,490,0,0,1,0,0
dewi_accessories_items,POST,/items,create_item,172,0,0,1,0,0
dewi_accessories_items,PUT,/items/{item_id},update_item,223,0,0,1,0,0
dewi_accessories_items,DELETE,/items/{item_id},delete_item,272,1,0,1,0,0
dewi_accessories_loans,POST,/loans,create_loan_gone,132,0,0,1,0,0
dewi_accessories_loans,PUT,/loans/{loan_id}/return,return_loan_gone,138,0,0,1,0,0
dewi_accessories_opname,POST,/opname,start_opname,220,1,0,1,0,0
dewi_accessories_opname,PUT,/opname/{session_id}/count,update_count,296,0,0,1,0,0
dewi_accessories_opname,POST,/opname/{session_id}/submit,submit_opname,404,0,0,1,0,0
dewi_accessories_opname,POST,/opname/{session_id}/approve,approve_opname,420,1,0,1,0,0
dewi_accessories_opname,POST,/opname/{session_id}/reject,reject_opname,534,1,0,1,0,0
dewi_accessories_opname,POST,/opname/{session_id}/complete,complete_opname,565,0,0,1,0,0
dewi_accessories_opname,POST,/opname/{session_id}/cancel,cancel_opname,585,0,0,1,0,0
dewi_accessories_purchase,POST,/purchase-requests,create_purchase_request,137,0,0,1,0,0
dewi_accessories_purchase,PUT,/purchase-requests/{pr_id},update_purchase_request,216,1,0,1,0,0
dewi_accessories_purchase,POST,/purchase-requests/{pr_id}/submit,submit_purchase_request,342,1,0,1,0,0
dewi_accessories_purchase,POST,/purchase-requests/{pr_id}/approve,approve_purchase_request,386,1,0,1,0,0
dewi_accessories_purchase,POST,/purchase-requests/{pr_id}/reject,reject_purchase_request,450,1,0,1,0,0
dewi_accessories_requests,POST,/internal-requests,create_internal_request_gone,132,0,0,1,0,0
dewi_accessories_requests,PUT,/internal-requests/{req_id},update_internal_request_gone,138,0,0,1,0,0
dewi_accessories_stock,POST,/stock/receive,receive_stock,193,0,0,1,0,0
dewi_accessories_stock,POST,/stock/issue,issue_stock,336,0,0,1,0,0
dewi_accessories_stock,POST,/stock/scrap,scrap_stock,369,1,0,1,0,0
dewi_accessories_valuation,POST,/valuation/set-cost,set_cost,166,1,0,1,0,0
dewi_accessories_valuation,POST,/valuation/unvalued-digest/send,send_unvalued_digest_now,225,1,0,1,0,0
dewi_accessories_valuation,PUT,/valuation/report-schedule,update_report_schedule,270,1,0,1,0,0
dewi_accessories_valuation,POST,/valuation/report-schedule/send-now,send_report_now,310,1,0,1,0,0
dewi_accessory_requests,POST,,create_request,123,0,0,1,0,0
dewi_accessory_requests,PUT,/{request_id},update_request,219,0,0,1,0,0
dewi_accessory_requests,POST,/{request_id}/submit,submit_request,245,0,0,1,0,0
dewi_accessory_requests,POST,/{request_id}/allocate,allocate_request,265,0,0,1,0,0
dewi_accessory_requests,POST,/{request_id}/deliver,deliver_request,288,0,0,1,0,0
dewi_accessory_requests,POST,/{request_id}/reject,reject_request,363,1,0,1,0,0
dewi_accessory_requests,DELETE,/{request_id},delete_request,391,1,0,1,0,0
dewi_ai_actions,POST,,create_action,100,0,0,1,0,0
dewi_ai_actions,PUT,/{action_id},update_action,148,0,0,1,0,0
dewi_ai_actions,DELETE,/{action_id},delete_action,182,1,0,1,0,0
dewi_ai_business,POST,/daily-summary,generate_daily_summary,78,0,0,1,0,0
dewi_ai_business,POST,/revenue-forecast,revenue_forecast,159,0,0,1,0,0
dewi_ai_business,POST,/fraud-detection,fraud_detection,206,0,0,1,0,0
dewi_ai_business,POST,/production-optimize,production_optimize,260,0,0,1,0,0
dewi_assets,POST,,create_asset,109,1,0,1,0,0
dewi_assets,PUT,/{asset_id},update_asset,138,1,0,1,0,0
dewi_assets,DELETE,/{asset_id},delete_asset,154,1,0,1,0,0
dewi_assets,POST,/{asset_id}/assign,assign_asset,168,1,0,1,0,0
dewi_assets,POST,/{asset_id}/return,return_asset,221,1,0,1,0,0
dewi_bank_reconciliation,POST,/sessions,create_session,230,1,0,1,0,0
dewi_bank_reconciliation,PUT,/sessions/{session_id},update_session,293,1,0,1,0,0
dewi_bank_reconciliation,DELETE,/sessions/{session_id},delete_session,306,1,0,1,0,0
dewi_bank_reconciliation,POST,/sessions/{session_id}/transactions,add_transaction,340,1,0,1,0,0
dewi_bank_reconciliation,POST,/sessions/{session_id}/import-bulk,import_bulk_transactions,358,1,0,1,0,0
dewi_bank_reconciliation,DELETE,/sessions/{session_id}/transactions/{txn_id},delete_transaction,378,1,0,1,0,0
dewi_bank_reconciliation,POST,/sessions/{session_id}/match,match_transaction,421,1,0,1,0,0
dewi_bank_reconciliation,POST,/sessions/{session_id}/unmatch,unmatch_transaction,451,1,0,1,0,0
dewi_bank_reconciliation,POST,/sessions/{session_id}/auto-match,auto_match_transactions,468,1,0,1,0,0
dewi_bank_reconciliation,POST,/sessions/{session_id}/transactions/{txn_id}/adjust,adjust_from_txn,535,1,0,1,0,0
dewi_bank_reconciliation,POST,/sessions/{session_id}/link-settlement,link_settlement,631,1,0,1,0,0
dewi_bank_reconciliation,POST,/sessions/{session_id}/import-csv,import_csv_file,735,1,0,1,0,0
dewi_bank_reconciliation,POST,/sessions/{session_id}/approve,approve_session,822,1,0,1,0,0
dewi_career_coach,POST,/generate-report,generate_career_report,126,0,0,1,0,0
dewi_career_coach,POST,/chat,chat_with_coach,254,1,0,1,0,0
dewi_client_admin,POST,/{client_id}/provision-portal,provision_portal,52,1,0,1,0,0
dewi_client_admin,POST,/{client_id}/portal-accounts/{account_id}/reset-password,reset_portal_password,94,0,0,1,0,0
dewi_client_admin,POST,/{client_id}/portal-accounts/{account_id}/toggle,toggle_portal_account,121,0,0,1,0,0
dewi_client_admin,DELETE,/{client_id}/portal-accounts/{account_id},delete_portal_account,139,1,0,1,0,0
dewi_client_portal,POST,/auth/login,client_login,152,0,0,0,1,0
dewi_client_portal,POST,/auth/change-password,client_change_password,225,1,0,0,0,0
dewi_client_portal,POST,/samples/{sample_id}/approve,client_approve_sample,482,1,0,0,0,0
dewi_client_portal,POST,/samples/{sample_id}/reject,client_reject_sample,505,1,0,0,0,0
dewi_client_portal,POST,/samples/{sample_id}/revision,client_request_revision,529,1,0,0,0,0
dewi_client_uploads,POST,,upload_photo,35,1,0,0,0,0
dewi_cmt_component_requests,POST,,create_request,126,0,0,1,0,0
dewi_cmt_component_requests,PUT,/{request_id},update_request,216,0,0,1,0,0
dewi_cmt_component_requests,POST,/{request_id}/set-status,set_status,251,0,0,1,0,0
dewi_cmt_component_requests,DELETE,/{request_id},delete_request,291,1,0,1,0,0
dewi_cmt_packing,POST,/cmt-receipts/backfill-wip-fg,backfill_wip_fg,153,1,1,1,0,0
dewi_cmt_packing,POST,/cmt-receipts,create_receipt,357,0,1,1,0,0
dewi_cmt_packing,PUT,/cmt-receipts/{receipt_id},update_receipt,497,0,1,1,0,0
dewi_cmt_packing,POST,/cmt-receipts/{receipt_id}/lines,add_line,522,0,1,1,0,0
dewi_cmt_packing,PUT,/cmt-receipts/{receipt_id}/lines/{line_id},update_line,563,0,1,1,0,0
dewi_cmt_packing,DELETE,/cmt-receipts/{receipt_id}/lines/{line_id},delete_line,614,1,1,1,0,0
dewi_cmt_packing,POST,/cmt-receipts/{receipt_id}/lines/{line_id}/koreksi-hasil-qc,koreksi_hasil_qc,668,0,1,1,0,0
dewi_cmt_packing,POST,/cmt-receipts/{receipt_id}/lines/{line_id}/koreksi-deklarasi,koreksi_deklarasi,782,0,1,1,0,0
dewi_cmt_packing,POST,/short-shipments/{short_id}/resolve,resolve_short_shipment,868,1,1,1,0,0
dewi_cmt_packing,POST,/cmt-receipts/{receipt_id}/submit,submit_receipt,902,0,1,1,0,0
dewi_cmt_packing,POST,/cmt-receipts/{receipt_id}/complete-qc,complete_qc,928,0,1,1,0,0
dewi_cmt_packing,POST,/cmt-receipts/{receipt_id}/approve,approve_receipt,946,0,1,1,0,0
dewi_cmt_packing,POST,/cmt-receipts/{receipt_id}/reject,reject_receipt,1090,1,1,1,0,0
dewi_cmt_permak,POST,,create_permak,488,1,0,1,0,0
dewi_cmt_permak,POST,/from-receipt-line,create_from_receipt_line,622,1,0,1,0,0
dewi_cmt_permak,PUT,/{permak_id},update_permak,694,1,0,1,0,0
dewi_cmt_permak,POST,/{permak_id}/status,change_status,748,1,0,1,0,0
dewi_cmt_permak,DELETE,/{permak_id},delete_permak,820,1,0,1,0,0
dewi_demo_seed,POST,/seed-demo-full,seed_demo_full,688,1,0,0,0,0
dewi_hr_ai,POST,/resume-screen/{candidate_id},screen_resume,86,0,0,1,0,0
dewi_hr_ai,POST,/attrition/predict,predict_attrition,193,0,0,1,0,0
dewi_hr_ai,POST,/coaching/{employee_id},generate_coaching_plan,321,0,0,1,0,0
dewi_hris_performance,POST,/cycles,create_cycle,197,0,0,1,0,0
dewi_hris_performance,PUT,/cycles/{cycle_id},update_cycle,213,0,0,1,0,0
dewi_hris_performance,POST,/kpis,create_kpi,247,0,0,1,0,0
dewi_hris_performance,PUT,/kpis/{kpi_id},update_kpi,263,0,0,1,0,0
dewi_hris_performance,POST,/assignments,create_assignment,311,0,0,1,0,0
dewi_hris_performance,PUT,/assignments/{aid},update_assignment,376,0,0,1,0,0
dewi_hris_performance,POST,/reviews,create_or_get_review,425,0,0,1,0,0
dewi_hris_performance,PUT,/reviews/{rid}/submit,submit_review,464,1,0,1,0,0
dewi_hris_performance,POST,/seed-demo,seed_performance_demo,615,1,0,1,0,0
dewi_job_board,POST,/jobs,create_job_posting,54,1,0,1,0,0
dewi_job_board,PATCH,/jobs/{job_id}/close,close_job_posting,161,0,0,1,0,0
dewi_job_board,DELETE,/jobs/{job_id},delete_job_posting,180,1,0,1,0,0
dewi_job_board,POST,/applications,submit_application,200,0,0,1,0,0
dewi_job_board,PATCH,/applications/{app_id}/status,update_application_status,304,1,0,1,0,0
dewi_kasbon,POST,/requests,submit_kasbon_request,129,0,0,1,0,0
dewi_kasbon,PATCH,/requests/{req_id}/hr-review,hr_review_kasbon,305,0,0,1,0,0
dewi_kasbon,PATCH,/requests/{req_id}/disburse,finance_disburse,337,0,0,1,0,0
dewi_kasbon,POST,/requests/{req_id}/repay,record_repayment,384,0,0,1,0,0
dewi_kasbon,POST,/requests/{req_id}/cancel,cancel_kasbon,452,0,0,1,0,0
dewi_kasbon,POST,/apply-payroll-deductions,apply_payroll_deductions,647,0,0,1,0,0
dewi_kasbon,POST,/seed,seed_demo,667,0,0,1,0,0
dewi_kpi_gamification,POST,/gamification/seed-demo,seed_demo_gamification,99,1,0,1,0,0
dewi_kpi_perform,PUT,/perform/{period_id}/{employee_id},upsert_perform_score,78,1,0,1,0,0
dewi_kpi_perform,POST,/perform/{period_id}/bulk,bulk_upsert_perform_scores,131,1,0,1,0,0
dewi_kpi_periods,POST,/periods,create_period,52,1,0,1,0,0
dewi_kpi_periods,PUT,/periods/{period_id},update_period,81,1,0,1,0,0
dewi_kpi_periods,DELETE,/periods/{period_id},delete_period,156,1,0,1,0,0
dewi_kpi_questions,POST,/questions,create_question,47,1,0,1,0,0
dewi_kpi_questions,PUT,/questions/{question_id},update_question,77,1,0,1,0,0
dewi_kpi_questions,DELETE,/questions/{question_id},delete_question,95,1,0,1,0,0
dewi_kpi_questions,POST,/questions/seed-defaults,seed_default_questions,106,1,0,1,0,0
dewi_kpi_reports,POST,/goals,create_goal,282,1,0,1,0,0
dewi_kpi_reports,PUT,/goals/{goal_id},update_goal,324,0,0,1,0,0
dewi_kpi_reports,DELETE,/goals/{goal_id},delete_goal,358,1,0,1,0,0
dewi_kpi_results,POST,/submissions,submit_form,28,1,0,1,0,0
dewi_kpi_results,POST,/results/{period_id}/calculate,calculate_results,126,1,0,1,0,0
dewi_kpi_results,POST,/results/{period_id}/publish,publish_results,313,1,0,1,0,0
dewi_kreator_requests,POST,,create_request,91,0,0,1,0,0
dewi_kreator_requests,PUT,/{request_id},update_request,152,0,0,1,0,0
dewi_kreator_requests,POST,/{request_id}/submit,submit_request,167,0,0,1,0,0
dewi_kreator_requests,POST,/{request_id}/approve-by-rnd,approve_by_rnd,183,1,0,1,0,0
dewi_kreator_requests,POST,/{request_id}/reject,reject_request,220,1,0,1,0,0
dewi_kreator_requests,POST,/{request_id}/mark-sample-ready,mark_sample_ready,248,0,0,1,0,0
dewi_kreator_requests,POST,/{request_id}/mark-delivered,mark_delivered,270,0,0,1,0,0
dewi_kreator_requests,DELETE,/{request_id},delete_request,294,1,0,1,0,0
dewi_lms,POST,/courses,create_course,59,0,0,1,0,0
dewi_lms,PUT,/courses/{course_id},update_course,104,0,0,1,0,0
dewi_lms,DELETE,/courses/{course_id},delete_course,118,1,0,1,0,0
dewi_lms,POST,/courses/{course_id}/materials,add_material,142,0,0,1,0,0
dewi_lms,PUT,/materials/{material_id},update_material,167,0,0,1,0,0
dewi_lms,DELETE,/materials/{material_id},delete_material,178,1,0,1,0,0
dewi_lms,POST,/courses/{course_id}/enroll,enroll,211,0,0,1,0,0
dewi_lms,PUT,/enrollments/{enrollment_id}/progress,update_progress,273,1,0,1,0,0
dewi_lms,POST,/seed,seed_lms,402,0,0,1,0,0
dewi_lms_quiz,POST,/quizzes,create_quiz,49,0,0,1,0,0
dewi_lms_quiz,POST,/quizzes/{quiz_id}/submit,submit_quiz,95,0,0,1,0,0
dewi_lms_quiz,POST,/enrollments/{enrollment_id}/progress,update_progress,152,0,0,1,0,0
dewi_maklon,POST,/clients,create_client,223,0,1,1,0,0
dewi_maklon,PUT,/clients/{client_id},update_client,239,0,1,1,0,0
dewi_maklon,DELETE,/clients/{client_id},delete_client,255,1,1,1,0,0
dewi_maklon,PUT,/clients/{client_id}/toggle,toggle_client_status,267,0,1,1,0,0
dewi_maklon,PUT,/orders/{order_id}/status,update_order_status,305,0,1,1,0,0
dewi_maklon,PUT,/orders/{order_id}/stage-qty,update_stage_qty,391,0,1,1,0,0
dewi_maklon,POST,/orders/{order_id}/material-issues,create_material_issue,512,0,1,1,0,0
dewi_maklon,DELETE,/orders/{order_id}/material-issues/{issue_id},cancel_material_issue,608,1,1,1,0,0
dewi_maklon_billing,POST,/invoices/generate,generate_invoice,375,0,1,1,0,0
dewi_maklon_billing,PUT,/invoices/{invoice_id},update_invoice,493,0,1,1,0,0
dewi_maklon_billing,POST,/invoices/{invoice_id}/cancel,cancel_invoice,509,0,1,1,0,0
dewi_maklon_billing,POST,/payments,record_payment,566,0,1,1,0,0
dewi_maklon_billing,DELETE,/payments/{payment_id},delete_payment,626,1,1,1,0,0
dewi_maklon_billing,POST,/hpp,upsert_hpp,652,0,1,1,0,0
dewi_maklon_bom_templates,POST,/bom-templates,create_bom_template,183,0,1,1,0,0
dewi_maklon_bom_templates,PUT,/bom-templates/{template_id},update_bom_template,242,0,1,1,0,0
dewi_maklon_bom_templates,POST,/bom-templates/{template_id}/activate,activate_bom_template,280,0,1,1,0,0
dewi_maklon_bom_templates,DELETE,/bom-templates/{template_id},delete_bom_template,301,1,1,1,0,0
dewi_maklon_bom_templates,POST,/bom-templates/apply-to-po,apply_template_to_po,605,0,1,1,0,0
dewi_maklon_bom_templates,POST,/pos/{po_id}/bom-sync,sync_po_bom_from_template,644,0,1,1,0,0
dewi_maklon_bom_templates,POST,/bom-templates/preview-accessories,preview_accessories_from_bom,797,0,1,1,0,0
dewi_maklon_buyer_catalog,POST,/buyer-catalog,create_buyer_catalog,176,0,1,1,0,0
dewi_maklon_buyer_catalog,PUT,/buyer-catalog/{catalog_id},update_buyer_catalog,265,0,1,1,0,0
dewi_maklon_buyer_catalog,PUT,/buyer-catalog/{catalog_id}/toggle,toggle_buyer_catalog,337,0,1,1,0,0
dewi_maklon_buyer_catalog,DELETE,/buyer-catalog/{catalog_id},delete_buyer_catalog,360,1,1,1,0,0
dewi_maklon_buyer_catalog,POST,/buyer-catalog/{catalog_id}/variants/generate,generate_maklon_variants,391,0,1,1,0,0
dewi_maklon_buyer_catalog,PUT,/buyer-catalog/{catalog_id}/variants/{variant_id},update_maklon_variant,447,0,1,1,0,0
dewi_maklon_buyer_catalog,POST,/buyer-catalog/{catalog_id}/sop-image,upload_buyer_catalog_sop_image,528,0,1,1,0,0
dewi_maklon_buyer_catalog,PUT,/buyer-catalog/{catalog_id}/sop,save_buyer_catalog_sop,569,0,1,1,0,0
dewi_maklon_buyer_catalog,POST,/buyer-catalog/{catalog_id}/check-drift,check_buyer_catalog_drift,774,0,1,1,0,0
dewi_maklon_finance,POST,/pos/{po_id}/post-ar,post_ar_for_po,343,0,1,1,0,0
dewi_maklon_finance,POST,/pos/{po_id}/advance-payment,record_advance_payment,371,0,1,1,0,0
dewi_maklon_finance,POST,/cmt-payments/{payment_id}/post-ap,post_ap_for_cmt_payment,449,0,1,1,0,0
dewi_maklon_finance,POST,/cmt-payments/{payment_id}/pay,pay_cmt_payment,490,0,1,1,0,0
dewi_maklon_finance,POST,/cmt-payments/{payment_id}/disbursements/{did}/void,void_cmt_disbursement,543,0,1,1,0,0
dewi_maklon_pos,POST,/pos,create_maklon_po,340,0,1,1,0,0
dewi_maklon_pos,PUT,/pos/{po_id},update_maklon_po,558,0,1,1,0,0
dewi_maklon_pos,POST,/pos/{po_id}/confirm,confirm_maklon_po,663,1,1,1,0,0
dewi_maklon_pos,POST,/pos/{po_id}/cancel,cancel_maklon_po,767,0,1,1,0,0
dewi_maklon_pos,POST,/dispatches,create_dispatch,807,0,1,1,0,0
dewi_maklon_pos,PUT,/dispatches/{dispatch_id}/confirm,confirm_dispatch,882,1,1,1,0,0
dewi_maklon_pos,PUT,/dispatches/{dispatch_id}/cancel,cancel_dispatch,952,0,1,1,0,0
dewi_maklon_pos,POST,/material-receive,receive_material_from_client,991,0,1,1,0,0
dewi_maklon_pos,POST,/bom,create_maklon_bom,1087,0,1,1,0,0
dewi_maklon_pos,PUT,/bom/{po_id},update_maklon_bom,1142,0,1,1,0,0
dewi_maklon_qc,POST,,create_qc,99,1,1,1,0,0
dewi_maklon_qc,PUT,/{qc_id},update_qc,143,1,1,1,0,0
dewi_maklon_qc,DELETE,/{qc_id},delete_qc,170,1,1,1,0,0
dewi_maklon_quote,POST,/generate,generate_quote,256,0,1,1,0,0
dewi_maklon_quote,POST,/{quote_id}/accept,accept_quote,306,0,1,1,0,0
dewi_maklon_quote,DELETE,/{quote_id},delete_quote,318,1,1,1,0,0
dewi_maklon_samples,POST,,create_sample,117,0,1,1,0,0
dewi_maklon_samples,PUT,/{sample_id},update_sample,193,0,1,1,0,0
dewi_maklon_samples,DELETE,/{sample_id},delete_sample,211,1,1,1,0,0
dewi_maklon_samples,POST,/{sample_id}/submit,submit_sample,227,0,1,1,0,0
dewi_maklon_samples,POST,/{sample_id}/approve,approve_sample,267,1,1,1,0,0
dewi_maklon_samples,POST,/{sample_id}/reject,reject_sample,295,1,1,1,0,0
dewi_maklon_samples,POST,/{sample_id}/revision,request_revision,323,0,1,1,0,0
dewi_maklon_sla,POST,/lead-time/estimate,estimate_lead_time,274,0,1,1,0,0
dewi_notifications,PUT,/provider-config,save_provider_config,317,1,0,0,0,0
dewi_notifications,POST,/provider-config/test,test_provider,352,1,0,0,0,0
dewi_notifications,POST,/manual,send_manual,453,1,0,0,0,0
dewi_notifications,POST,/bulk-send,bulk_send_queued,469,1,0,0,0,0
dewi_notifications,POST,/{notif_id}/send,mark_sent,517,1,0,0,0,0
dewi_notifications,POST,/{notif_id}/retry,retry,559,1,0,0,0,0
dewi_notifications,DELETE,/{notif_id},delete_notif,575,1,0,0,0,0
dewi_notifications,POST,/scan-overdue,scan_overdue,585,1,0,0,0,0
dewi_okr,POST,/objectives,create_objective,188,1,0,1,0,0
dewi_okr,PATCH,/objectives/{obj_id},update_objective,240,0,0,1,0,0
dewi_okr,DELETE,/objectives/{obj_id},delete_objective,254,1,0,1,0,0
dewi_okr,POST,/objectives/{obj_id}/key-results,add_key_result,272,0,0,1,0,0
dewi_okr,PATCH,/key-results/{kr_id},update_key_result,290,0,0,1,0,0
dewi_okr,DELETE,/key-results/{kr_id},delete_key_result,304,1,0,1,0,0
dewi_onboarding,POST,/templates,create_template,63,0,0,1,0,0
dewi_onboarding,PUT,/templates/{template_id},update_template,84,0,0,1,0,0
dewi_onboarding,POST,/templates/{template_id}/tasks,add_template_task,97,0,0,1,0,0
dewi_onboarding,DELETE,/templates/{template_id}/tasks/{task_id},delete_template_task,125,1,0,1,0,0
dewi_onboarding,DELETE,/templates/{template_id},delete_template,141,1,0,1,0,0
dewi_onboarding,POST,/checklists,create_checklist,174,0,0,1,0,0
dewi_onboarding,PUT,/checklists/{checklist_id}/tasks/{task_id},update_task,249,0,0,1,0,0
dewi_onboarding,POST,/checklists/{checklist_id}/tasks,add_custom_task,297,0,0,1,0,0
dewi_onboarding,DELETE,/checklists/{checklist_id}/tasks/{task_id},delete_custom_task,338,1,0,1,0,0
dewi_onboarding,PUT,/checklists/{checklist_id},update_checklist,362,0,0,1,0,0
dewi_onboarding,DELETE,/checklists/{checklist_id},delete_checklist,375,1,0,1,0,0
dewi_onboarding,POST,/seed,seed_onboarding,425,0,0,1,0,0
dewi_online_orders,POST,/pack-batches,create_pack_batch,58,0,0,1,0,0
dewi_online_orders,POST,/pack-batches/{batch_id}/close,close_pack_batch,122,0,0,1,0,0
dewi_org,POST,/units,create_unit,45,0,0,1,0,0
dewi_org,PUT,/units/{unit_id},update_unit,90,0,0,1,0,0
dewi_org,DELETE,/units/{unit_id},delete_unit,106,1,0,1,0,0
dewi_org,POST,/positions,create_position,137,0,0,1,0,0
dewi_org,PUT,/positions/{position_id},update_position,162,0,0,1,0,0
dewi_org,DELETE,/positions/{position_id},delete_position,178,1,0,1,0,0
dewi_org,POST,/seed,seed_org,298,0,0,1,0,0
dewi_portal_saya_ext,POST,/documents,create_my_document,103,0,0,1,0,0
dewi_portal_saya_ext,DELETE,/documents/{doc_id},delete_my_document,130,1,0,1,0,0
dewi_portal_saya_ext,POST,/peer-feedback,submit_peer_feedback,370,0,0,1,0,0
dewi_portal_saya_hr,PUT,/profile,update_profile,57,0,0,1,0,0
dewi_portal_saya_hr,POST,/profile/photo,upload_profile_photo,71,0,0,1,0,0
dewi_portal_saya_hr,POST,/leave,create_leave,255,1,0,1,0,0
dewi_portal_saya_hr,DELETE,/leave/{leave_id},cancel_leave,303,1,0,1,0,0
dewi_portal_saya_hr,POST,/overtime,create_overtime,344,1,0,1,0,0
dewi_portal_saya_hr,PUT,/notifications/{notif_id}/read,mark_read,559,0,0,1,0,0
dewi_portal_saya_workspace,POST,/notes,create_note,47,1,0,1,0,0
dewi_portal_saya_workspace,PUT,/notes/{note_id},update_note,68,1,0,1,0,0
dewi_portal_saya_workspace,DELETE,/notes/{note_id},delete_note,84,1,0,1,0,0
dewi_portal_saya_workspace,POST,/todos,create_todo,120,1,0,1,0,0
dewi_portal_saya_workspace,PUT,/todos/{todo_id},update_todo,149,1,0,1,0,0
dewi_portal_saya_workspace,DELETE,/todos/{todo_id},delete_todo,171,1,0,1,0,0
dewi_portal_saya_workspace,POST,/reminders,create_reminder,197,1,0,1,0,0
dewi_portal_saya_workspace,PUT,/reminders/{rem_id},update_reminder,224,1,0,1,0,0
dewi_portal_saya_workspace,DELETE,/reminders/{rem_id},delete_reminder,240,1,0,1,0,0
dewi_portal_saya_workspace,POST,/quick-links,add_quick_link,277,1,0,1,0,0
dewi_portal_saya_workspace,PUT,/quick-links/reorder,reorder_quick_links,303,1,0,1,0,0
dewi_portal_saya_workspace,PUT,/quick-links/{link_id},update_quick_link,319,1,0,1,0,0
dewi_portal_saya_workspace,DELETE,/quick-links/{link_id},delete_quick_link,334,1,0,1,0,0
dewi_portal_saya_workspace,POST,/calendar,create_calendar_event,371,1,0,1,0,0
dewi_portal_saya_workspace,PUT,/calendar/{event_id},update_calendar_event,398,1,0,1,0,0
dewi_portal_saya_workspace,DELETE,/calendar/{event_id},delete_calendar_event,414,1,0,1,0,0
dewi_predictive_maintenance,POST,/machines/{machine_id}/predict,predict_with_ai,245,0,0,1,0,0
dewi_predictive_maintenance,POST,/maintenance-logs,create_log,365,0,0,1,0,0
dewi_predictive_maintenance,DELETE,/maintenance-logs/{log_id},delete_log,385,1,0,1,0,0
dewi_procurement,POST,/requests,create_request,553,0,0,1,0,0
dewi_procurement,PUT,/requests/{req_id},update_request,576,1,0,1,0,0
dewi_procurement,POST,/requests/{req_id}/submit,submit_request,658,1,0,1,0,0
dewi_procurement,POST,/requests/{req_id}/approve,approve_request,709,1,0,1,0,0
dewi_procurement,POST,/requests/{req_id}/reject,reject_request,801,1,0,1,0,0
dewi_procurement,POST,/requests/{req_id}/cancel,cancel_request,872,1,0,1,0,0
dewi_procurement,POST,/requests/{req_id}/complete,complete_request,890,0,0,1,0,0
dewi_procurement,DELETE,/requests/{req_id},delete_request,997,1,0,1,0,0
dewi_procurement,POST,/requests/{req_id}/create-po,create_po_from_pr,1039,0,0,1,0,0
dewi_push_notifications,POST,/subscribe,subscribe,159,1,0,0,0,0
dewi_push_notifications,POST,/unsubscribe,unsubscribe,186,1,0,0,0,0
dewi_push_notifications,POST,/test,send_test_push,203,1,0,0,0,0
dewi_push_notifications,POST,/send,send_push,223,1,0,0,0,0
dewi_recruitment,POST,/jobs,create_job,77,0,0,1,0,0
dewi_recruitment,PUT,/jobs/{job_id},update_job,122,0,0,1,0,0
dewi_recruitment,DELETE,/jobs/{job_id},delete_job,136,1,0,1,0,0
dewi_recruitment,POST,/candidates,add_candidate,171,0,0,1,0,0
dewi_recruitment,PUT,/candidates/{candidate_id},update_candidate,232,0,0,1,0,0
dewi_recruitment,POST,/candidates/{candidate_id}/interviews,add_interview,468,0,0,1,0,0
dewi_recruitment,PUT,/candidates/{candidate_id}/interviews/{interview_id},update_interview,500,0,0,1,0,0
dewi_recruitment,DELETE,/candidates/{candidate_id},delete_candidate,522,1,0,1,0,0
dewi_recruitment,POST,/candidates/{candidate_id}/upload-cv,upload_candidate_cv,532,0,0,1,0,0
dewi_recruitment,POST,/candidates/{candidate_id}/notes,add_candidate_note,555,0,0,1,0,0
dewi_recruitment,POST,/seed,seed_recruitment,665,0,0,1,0,0
dewi_recruitment,POST,/talent-pool/{candidate_id}/toggle,toggle_talent_pool,781,0,0,1,0,0
dewi_recruitment,PUT,/talent-pool/{candidate_id}/notes,update_talent_pool_notes,808,0,0,1,0,0
dewi_rnd_colors,POST,/color-options,create_color_option,115,1,0,1,0,0
dewi_rnd_colors,POST,/variants/bulk,create_variants_bulk,258,0,0,1,0,0
dewi_rnd_colors,POST,/variants/{variant_id}/fix-sku,fix_variant_sku,448,0,0,1,0,0
dewi_rnd_design,POST,/variants,create_variant,106,0,0,1,0,0
dewi_rnd_design,PUT,/variants/{variant_id},update_variant,174,0,0,1,0,0
dewi_rnd_design,DELETE,/variants/{variant_id},delete_variant,225,1,0,1,0,0
dewi_rnd_design,POST,/patterns,create_pattern,258,0,0,1,0,0
dewi_rnd_design,PUT,/patterns/{pattern_id},update_pattern,288,0,0,1,0,0
dewi_rnd_design,POST,/patterns/{pattern_id}/approve,approve_pattern,299,1,0,1,0,0
dewi_rnd_design,DELETE,/patterns/{pattern_id},delete_pattern,318,1,0,1,0,0
dewi_rnd_design,POST,/patterns/{pattern_id}/attach-media,attach_pattern_media,330,0,0,1,0,0
dewi_rnd_design,DELETE,/patterns/{pattern_id}/media/{attachment_id},remove_pattern_media,360,1,0,1,0,0
dewi_rnd_design,POST,/reports/weekly-decisions/send,send_weekly_rnd_report,785,0,0,1,0,0
dewi_rnd_hpp,POST,/hpp-calculator,create_hpp,672,0,0,1,0,0
dewi_rnd_hpp,PUT,/hpp-calculator/{calc_id},update_hpp,735,0,0,1,0,0
dewi_rnd_hpp,DELETE,/hpp-calculator/{calc_id},delete_hpp,781,1,0,1,0,0
dewi_rnd_hpp,POST,/hpp-calculator/preview,preview_hpp,791,0,0,1,0,0
dewi_rnd_hpp,POST,/hpp-calculator/cost-lines/from-techpack,cost_lines_from_techpack,815,0,0,1,0,0
dewi_rnd_hpp,POST,/hpp-calculator/compute-from-bom,compute_hpp_from_bom,949,0,0,1,0,0
dewi_rnd_hpp,POST,/hpp-calculator/{calc_id}/propagate,propagate_hpp_endpoint,975,0,0,1,0,0
dewi_rnd_hpp,POST,/tech-packs,create_tech_pack,1010,0,0,1,0,0
dewi_rnd_hpp,PUT,/tech-packs/{tp_id},update_tech_pack,1071,0,0,1,0,0
dewi_rnd_hpp,POST,/tech-packs/{tp_id}/approve,approve_tech_pack,1088,1,0,1,0,0
dewi_rnd_hpp,DELETE,/tech-packs/{tp_id},delete_tech_pack,1110,1,0,1,0,0
dewi_rnd_materials,POST,/materials,create_material,252,0,0,1,0,0
dewi_rnd_materials,PUT,/materials/{material_id},update_material,304,0,0,1,0,0
dewi_rnd_materials,DELETE,/materials/{material_id},delete_material,327,1,0,1,0,0
dewi_rnd_materials,POST,/sample-costing/preview,preview_sample_costing,356,0,0,1,0,0
dewi_rnd_materials,POST,/sample-costing,create_sample_costing,363,0,0,1,0,0
dewi_rnd_materials,PUT,/sample-costing/{costing_id},update_sample_costing,406,0,0,1,0,0
dewi_rnd_materials,DELETE,/sample-costing/{costing_id},delete_sample_costing,425,1,0,1,0,0
dewi_rnd_overview,POST,/seed,seed_rnd_data,106,0,0,1,0,0
dewi_rnd_samples,POST,/sample-requests,create_sample_request,36,0,0,1,0,0
dewi_rnd_samples,PUT,/sample-requests/{request_id},update_sample_request,84,0,0,1,0,0
dewi_rnd_samples,POST,/sample-requests/{request_id}/submit,submit_sample_request,100,0,0,1,0,0
dewi_rnd_samples,POST,/sample-requests/{request_id}/approve,approve_sample_request,117,1,0,1,0,0
dewi_rnd_samples,POST,/sample-requests/{request_id}/reject,reject_sample_request,144,1,0,1,0,0
dewi_rnd_samples,DELETE,/sample-requests/{request_id},delete_sample_request,171,1,0,1,0,0
dewi_rnd_samples,POST,/revisions,create_revision,200,0,0,1,0,0
dewi_rnd_samples,PUT,/revisions/{revision_id},update_revision,240,0,0,1,0,0
dewi_rnd_samples,DELETE,/revisions/{revision_id},delete_revision,251,1,0,1,0,0
dewi_rnd_size_mapping,POST,/size-mapping/apply,size_mapping_apply,320,0,0,1,0,0
dewi_rnd_size_mapping,POST,/size-mapping/auto,size_mapping_auto,353,0,0,1,0,0
dewi_rnd_sizes,PUT,/styles/{style_id}/size-list,put_style_size_list,143,0,0,1,0,0
dewi_rnd_styles,POST,/styles,create_style,77,0,0,1,0,0
dewi_rnd_styles,PUT,/styles/{style_id},update_style,215,0,0,1,0,0
dewi_rnd_styles,DELETE,/styles/{style_id},delete_style,304,1,0,1,0,0
dewi_rnd_styles,POST,/styles/{style_id}/submit-for-review,submit_style_for_review,318,0,0,1,0,0
dewi_rnd_styles,POST,/styles/{style_id}/owner-approve,owner_approve_style,356,1,0,1,0,0
dewi_rnd_styles,POST,/styles/{style_id}/promote-to-production,promote_style_to_production,394,0,0,1,0,0
dewi_rnd_styles,POST,/styles/{style_id}/owner-reject,owner_reject_style,551,1,0,1,0,0
dewi_rnd_styles,POST,/styles/{style_id}/images,upload_style_design_image,593,0,0,1,0,0
dewi_rnd_styles,DELETE,/styles/{style_id}/images/{img_id},delete_style_design_image,653,1,0,1,0,0
dewi_rnd_techpack_import,POST,/techpack/import/preview,techpack_import_preview,37,0,0,1,0,0
dewi_rnd_techpack_import,POST,/techpack/import/commit,techpack_import_commit,50,1,0,1,0,0
dewi_scheduler,POST,/jobs/{job_id}/run-now,run_now,60,0,0,1,0,0
dewi_shift_scheduler,POST,/templates,create_shift_template,54,0,0,1,0,0
dewi_shift_scheduler,DELETE,/templates/{template_id},delete_shift_template,91,1,0,1,0,0
dewi_shift_scheduler,POST,/generate,generate_schedule,111,0,0,1,0,0
dewi_shift_scheduler,PATCH,/schedules/{schedule_id}/publish,publish_schedule,303,0,0,1,0,0
dewi_shift_scheduler,DELETE,/schedules/{schedule_id},delete_schedule,322,1,0,1,0,0
dewi_skill_gap,POST,/requirements,create_skill_requirement,56,1,0,1,0,0
dewi_skill_gap,POST,/analyze/individual,analyze_individual,109,0,0,1,0,0
dewi_skill_gap,POST,/analyze/department,analyze_department,228,1,0,1,0,0
dewi_skill_gap,POST,/analyze/company,analyze_company,370,1,0,1,0,0
dewi_system_config,PUT,/{key},update_config,332,0,0,1,0,0
dewi_system_config,POST,/bulk,bulk_update,370,0,0,1,0,0
dewi_toko,POST,/flashsales,create_flashsale,98,0,0,1,0,0
dewi_toko,PUT,/flashsales/{flashsale_id},update_flashsale,123,0,0,1,0,0
dewi_toko,POST,/flashsales/{flashsale_id}/activate,toggle_flashsale,141,0,0,1,0,0
dewi_toko,DELETE,/flashsales/{flashsale_id},delete_flashsale,155,1,0,1,0,0
dewi_warehouse_smart,PUT,/smart-reorder/{material_id},update_smart_reorder,236,0,0,1,0,0
dewi_warehouse_smart,POST,/stock-adjustments/{ledger_id}/undo,undo_stock_adjustment,348,0,0,1,0,0
dewi_warehouse_smart,POST,/stock-adjustments/{ledger_id}/restore,restore_stock_adjustment,402,0,0,1,0,0
dewi_wh_returns,POST,/returns/sync-marketing,sync_from_marketing,169,0,0,1,0,0
dewi_wh_returns,POST,/returns,create_return,194,0,0,1,0,0
dewi_wh_returns,PUT,/returns/{return_id},update_return,312,0,0,1,0,0
dewi_wh_returns,DELETE,/returns/{return_id},delete_return,328,1,0,1,0,0
dewi_wh_returns,POST,/returns/{return_id}/receive,receive_return,345,0,0,1,0,0
dewi_wh_returns,POST,/returns/{return_id}/inspect,inspect_return,379,0,0,1,0,0
dewi_wh_returns,POST,/returns/{return_id}/resolve,resolve_return,429,0,0,1,0,0
dewi_wh_returns,POST,/returns/{return_id}/quick-restock,quick_restock,565,0,0,1,0,0
dewi_wh_returns,POST,/returns/{return_id}/relink,relink_return,626,0,0,1,0,0
dewi_wh_returns,POST,/returns/{return_id}/cancel,cancel_return,667,0,0,1,0,0
doc_numbering,POST,/preview,preview,102,1,0,1,0,0
doc_numbering,PUT,,save_format,116,1,0,1,0,0
doc_numbering,DELETE,/{key},reset_format,203,1,0,1,0,0
doc_numbering,POST,/counter,set_counter,221,1,0,1,0,0
document_number_configs,PUT,/{doc_type},save_config,62,1,0,1,0,0
document_number_configs,POST,/{doc_type}/preview,preview_config,98,0,0,1,0,0
employee_expense_category_master,POST,/master-categories,create_master_category,100,1,0,1,0,0
employee_expense_category_master,PUT,/master-categories/{cat_id},update_master_category,138,1,0,1,0,0
employee_expense_category_master,DELETE,/master-categories/{cat_id},delete_master_category,178,1,0,1,0,0
employee_expense_category_master,POST,/master-categories/seed-default,seed_default_categories,202,1,0,1,0,0
employee_expense_claims,POST,/claims,create_claim,159,0,0,1,0,0
employee_expense_claims,PUT,/claims/{claim_id},update_claim,340,1,0,1,0,0
employee_expense_claims,POST,/claims/{claim_id}/submit,submit_claim,371,1,0,1,0,0
employee_expense_claims,POST,/claims/{claim_id}/approve,approve_claim,419,1,0,1,0,0
employee_expense_claims,POST,/claims/{claim_id}/reject,reject_claim,448,1,0,1,0,0
employee_expense_claims,POST,/claims/{claim_id}/disburse,disburse_claim,477,1,0,1,0,0
employee_expense_claims,DELETE,/claims/{claim_id},delete_claim,547,1,0,1,0,0
employee_expense_claims,POST,/claims/bulk-approve,bulk_approve_claims,566,0,0,1,0,0
employee_expense_gl_mapping,POST,/gl-mappings,create_gl_mapping,95,1,0,1,0,0
employee_expense_gl_mapping,PUT,/gl-mappings/{mapping_id},update_gl_mapping,134,1,0,1,0,0
employee_expense_gl_mapping,DELETE,/gl-mappings/{mapping_id},delete_gl_mapping,175,1,0,1,0,0
employee_expense_gl_mapping,POST,/gl-mappings/bulk-resolve,bulk_resolve_gl_accounts,218,0,0,1,0,0
employee_expense_gl_mapping,POST,/gl-mappings/seed-default,seed_default_gl_mappings,271,1,0,1,0,0
employee_per_diem,POST,/per-diem-rates,create_per_diem_rate,101,1,0,1,0,0
employee_per_diem,PUT,/per-diem-rates/{rate_id},update_per_diem_rate,135,1,0,1,0,0
employee_per_diem,DELETE,/per-diem-rates/{rate_id},delete_per_diem_rate,153,1,0,1,0,0
employee_travel_requests,POST,/travel,create_travel_request,184,0,0,1,0,0
employee_travel_requests,PUT,/travel/{req_id},update_travel_request,386,1,0,1,0,0
employee_travel_requests,POST,/travel/{req_id}/submit,submit_travel_request,447,1,0,1,0,0
employee_travel_requests,POST,/travel/{req_id}/approve,approve_travel_request,492,1,0,1,0,0
employee_travel_requests,POST,/travel/{req_id}/reject,reject_travel_request,526,1,0,1,0,0
employee_travel_requests,POST,/travel/{req_id}/advance-paid,mark_advance_paid,555,1,0,1,0,0
employee_travel_requests,POST,/travel/{req_id}/complete,complete_travel_request,629,1,0,1,0,0
employee_travel_requests,POST,/travel/bulk-approve,bulk_approve_travel,680,0,0,1,0,0
employee_travel_settlements,POST,/travel/{req_id}/settlements,create_settlement,155,1,0,1,0,0
employee_travel_settlements,PUT,/settlements/{stl_id},update_settlement,449,1,0,1,0,0
employee_travel_settlements,POST,/settlements/{stl_id}/submit,submit_settlement,480,1,0,1,0,0
employee_travel_settlements,POST,/settlements/{stl_id}/approve,approve_settlement,529,1,0,1,0,0
employee_travel_settlements,POST,/settlements/{stl_id}/reject,reject_settlement,557,1,0,1,0,0
employee_travel_settlements,POST,/settlements/{stl_id}/post,post_settlement_gl,585,1,0,1,0,0
employee_travel_settlements,POST,/settlements/bulk-approve,bulk_approve_settlements,841,0,0,1,0,0
employee_travel_settlements,POST,/settlements/bulk-post,bulk_post_settlements,853,1,0,1,0,0
exceptions,POST,/material-requests,create_material_request,91,1,0,1,0,0
exceptions,PUT,/material-requests/{req_id},update_material_request,188,1,0,1,0,0
exceptions,POST,/material-defect-reports,create_defect_report,322,1,0,1,0,0
exceptions,POST,/production-returns,create_return,427,1,0,1,0,0
exceptions,PUT,/production-returns/{ret_id},update_return,504,1,0,1,0,0
exceptions,DELETE,/production-returns/{ret_id},delete_return,527,1,0,1,0,0
exceptions,POST,/production-variances,create_variance,540,1,0,1,0,0
exceptions,PUT,/production-variances/{vid},update_variance_status,721,1,0,1,0,0
exceptions,POST,/production-variances/{vid}/post-gl,post_variance_to_gl,756,1,0,1,0,0
exceptions,POST,/production-variances/{vid}/retry-posting,retry_variance_posting,819,1,0,1,0,0
file_storage,POST,/upload,upload_file,18,0,0,0,1,0
file_storage,DELETE,/attachments/{att_id},delete_attachment,80,1,0,0,0,0
file_storage,PUT,/attachments/{att_id}/meta,update_attachment_meta,97,0,0,0,1,0
fulfillment,POST,/orders/{order_id}/allocate,allocate_inventory,331,0,0,1,0,0
fulfillment,POST,/orders/{order_id}/pick,start_picking,430,0,0,1,0,0
fulfillment,POST,/orders/{order_id}/pack,confirm_packing,461,1,0,1,0,0
fulfillment,POST,/orders/{order_id}/dispatch,dispatch_order,498,0,0,1,0,0
hr_approval_inbox,POST,/{req_type}/{req_id}/approve,approve_request,393,1,0,1,0,0
hr_approval_inbox,POST,/{req_type}/{req_id}/reject,reject_request,561,1,0,1,0,0
hr_shifts,POST,,create_shift_endpoint,138,0,0,1,0,0
hr_shifts,POST,/seed-defaults,seed_defaults,175,1,0,1,0,0
hr_shifts,POST,/assignments,create_assignment,213,0,0,1,0,0
hr_shifts,DELETE,/assignments/{assignment_id},cancel_assignment,252,1,0,1,0,0
hr_shifts,POST,/calculate-hours,calculate_hours,286,0,0,1,0,0
hr_shifts,PUT,/{shift_id},update_shift,316,0,0,1,0,0
hr_shifts,DELETE,/{shift_id},delete_shift,345,1,0,1,0,0
invoice_edit_requests,POST,,create_request,115,0,0,1,0,0
invoice_edit_requests,PUT,/{req_id}/approve,approve_request,210,1,0,1,0,0
invoice_edit_requests,PUT,/{req_id}/reject,reject_request,293,1,0,1,0,0
lms_student,POST,/courses/{course_id}/enroll,enroll_in_course,275,0,0,1,0,0
lms_student,POST,/materials/{material_id}/complete,mark_material_complete,426,0,0,1,0,0
lms_student,POST,/assignments/{assignment_id}/submit,submit_assignment,574,0,0,1,0,0
lms_student,POST,/quiz/{material_id}/submit,submit_quiz,649,0,0,1,0,0
maklon_seed,POST,/maklon-full,seed_maklon_full,149,1,0,1,0,0
marketing_account_assign,POST,/{account_id},set_assignment,300,1,0,1,0,0
marketing_account_health_routes,POST,/ocr-screenshot,ocr_account_health_screenshot,211,0,0,1,0,0
marketing_account_health_routes,POST,/manual-snapshot,create_manual_snapshot,331,0,0,1,0,0
marketing_accounts,POST,/accounts,create_platform_account,149,0,0,1,0,0
marketing_accounts,POST,/accounts/{account_id}/learn-warehouse,learn_platform_warehouse,298,0,0,1,0,0
marketing_accounts,PUT,/accounts/{account_id}/ship-sla,set_ship_sla,382,0,0,1,0,0
marketing_accounts,POST,/accounts/health/recompute-all,recompute_all_health,422,0,0,1,0,0
marketing_accounts,PUT,/accounts/{account_id},update_platform_account,532,0,0,1,0,0
marketing_accounts,DELETE,/accounts/{account_id},archive_platform_account,607,1,0,1,0,0
marketing_ads_routes,POST,/ai-recommendations,get_ai_recommendations,281,0,0,1,0,0
marketing_ads_routes,POST,/campaigns,create_ads_entry,456,0,0,1,0,0
marketing_ads_routes,PUT,/campaigns/{entry_id},update_ads_entry,485,0,0,1,0,0
marketing_ads_routes,DELETE,/campaigns/{entry_id},delete_ads_entry,512,1,0,1,0,0
marketing_advanced_ai_routes,PUT,/pricing/settings,update_pricing_settings,104,0,0,1,0,0
marketing_advanced_ai_routes,POST,/pricing/run,run_pricing_suggestions,118,0,0,1,0,0
marketing_advanced_ai_routes,POST,/pricing/suggestions/{suggestion_id}/approve,approve_suggestion,321,1,0,1,0,0
marketing_advanced_ai_routes,POST,/pricing/suggestions/{suggestion_id}/reject,reject_suggestion,348,1,0,1,0,0
marketing_advanced_ai_routes,POST,/pricing/suggestions/{suggestion_id}/apply,apply_suggestion,377,0,0,1,0,0
marketing_advanced_ai_routes,POST,/churn/run,run_churn_analysis,421,0,0,1,0,0
marketing_advanced_ai_routes,POST,/ab-tests,create_ab_test,620,0,0,1,0,0
marketing_advanced_ai_routes,PATCH,/ab-tests/{exp_id}/status,update_ab_status,695,0,0,1,0,0
marketing_advanced_ai_routes,POST,/ab-tests/{exp_id}/record,record_ab_result,715,0,0,1,0,0
marketing_advanced_ai_routes,POST,/ab-tests/{exp_id}/conclude,conclude_ab_test,745,0,0,1,0,0
marketing_advanced_ai_routes,PATCH,/ab-tests/{exp_id}/variants/{variant_id},update_variant_content,813,0,0,1,0,0
marketing_ai_content_tools,POST,/generate-caption,generate_caption,104,0,0,1,0,0
marketing_ai_content_tools,POST,/generate-image,generate_image,268,0,0,1,0,0
marketing_ai_insights_routes,POST,/forecast,sales_forecast,192,0,0,1,0,0
marketing_ai_insights_routes,POST,/sentiment,sentiment_analysis,254,0,0,1,0,0
marketing_ai_insights_routes,POST,/recommendations,get_recommendations,320,0,0,1,0,0
marketing_alerts,PUT,/settings,update_settings,340,0,0,1,0,0
marketing_alerts,POST,/evaluate,manual_evaluate,353,0,0,1,0,0
marketing_alerts,POST,/preview,preview_alerts,362,0,0,1,0,0
marketing_budget,PUT,/period-settings,save_period_settings,339,0,0,1,0,0
marketing_budget,PUT,,upsert_budget,372,1,0,1,0,0
marketing_budget,POST,/spend,add_spend,412,1,0,1,0,0
marketing_budget,DELETE,/spend/{sid},delete_spend,449,1,0,1,0,0
marketing_budget,PUT,/kol-cost/{creator_id},set_kol_cost,494,0,0,1,0,0
marketing_budget,POST,/lock,set_period_lock,665,0,0,1,0,0
marketing_catalog_items,POST,/{catalog_id}/items,add_catalog_item,311,0,0,1,0,0
marketing_catalog_items,POST,/{catalog_id}/items/{item_id}/photos,upload_catalog_item_photo,447,0,0,1,0,0
marketing_catalog_items,POST,/{catalog_id}/items/{item_id}/photos/remove,remove_catalog_item_photo,497,0,0,1,0,0
marketing_catalog_items,POST,/{catalog_id}/items/from-fg,add_catalog_item_from_fg,541,0,0,1,0,0
marketing_catalog_items,PUT,/{catalog_id}/items/{item_id}/sync-fg-stock,sync_item_stock_from_fg,789,0,0,1,0,0
marketing_catalog_items,POST,/{catalog_id}/items/{item_id}/refresh-hpp,refresh_item_hpp,865,0,0,1,0,0
marketing_catalog_items,POST,/{catalog_id}/refresh-hpp,refresh_catalog_hpp_bulk,886,0,0,1,0,0
marketing_catalog_items,POST,/{catalog_id}/refresh-from-master,refresh_catalog_from_master,911,0,0,1,0,0
marketing_catalog_items,POST,/{catalog_id}/items/{item_id}/publish,publish_catalog_item,1077,0,0,1,0,0
marketing_catalog_items,POST,/{catalog_id}/items/{item_id}/unpublish,unpublish_catalog_item,1113,0,0,1,0,0
marketing_catalog_items,POST,/{catalog_id}/items/{item_id}/reject,reject_catalog_item,1129,0,0,1,0,0
marketing_catalog_items,POST,/{catalog_id}/items/{item_id}/preorder,set_catalog_item_preorder,1155,0,0,1,0,0
marketing_catalog_items,POST,/{catalog_id}/items/{item_id}/archive,archive_catalog_item,1179,0,0,1,0,0
marketing_catalog_items,POST,/{catalog_id}/items/{item_id}/restore,restore_catalog_item,1198,0,0,1,0,0
marketing_catalog_items,POST,/{catalog_id}/items/bulk-transition,bulk_transition_items,1215,0,0,1,0,0
marketing_catalog_items,POST,/{catalog_id}/items/{item_id}/photos/reorder,reorder_catalog_item_photos,1270,0,0,1,0,0
marketing_catalog_items,POST,/{catalog_id}/items/{item_id}/refresh-from-master,refresh_item_from_master,1297,0,0,1,0,0
marketing_catalog_items,PUT,/{catalog_id}/items/{item_id},update_catalog_item,1562,0,0,1,0,0
marketing_catalog_items,DELETE,/{catalog_id}/items/{item_id},delete_catalog_item,1629,1,0,1,0,0
marketing_catalog_mgmt,POST,,create_catalog,163,0,0,1,0,0
marketing_catalog_mgmt,POST,/assign-from-master,assign_from_master,471,0,0,1,0,0
marketing_catalog_mgmt,POST,/archive-legacy-items,archive_legacy_items,598,1,0,1,0,0
marketing_catalog_mgmt,PUT,/{catalog_id},update_catalog,655,0,0,1,0,0
marketing_catalog_mgmt,DELETE,/{catalog_id},delete_catalog,675,1,0,1,0,0
marketing_catalog_stock,PUT,/{catalog_id}/items/{item_id}/stock,update_item_stock,157,0,0,1,0,0
marketing_catalog_stock,POST,/{catalog_id}/bulk-stock-update,bulk_stock_update,209,0,0,1,0,0
marketing_catalog_stock,POST,/{catalog_id}/sync-from-wms,sync_stock_from_wms,276,0,0,1,0,0
marketing_catalog_stock,POST,/seed-demo,seed_demo_catalog,410,0,0,1,0,0
marketing_complaints_routes,PATCH,/{complaint_id}/status,update_complaint_status,386,0,0,1,0,0
marketing_complaints_routes,POST,/{complaint_id}/notes,add_note,430,0,0,1,0,0
marketing_complaints_routes,POST,/{complaint_id}/ai-classify,ai_reclassify,453,0,0,1,0,0
marketing_content_calendar_routes,POST,,create_entry,378,0,0,1,0,0
marketing_content_calendar_routes,PUT,/{entry_id},update_entry,421,0,0,1,0,0
marketing_content_calendar_routes,DELETE,/{entry_id},delete_entry,441,1,0,1,0,0
marketing_content_calendar_routes,POST,/{entry_id}/status,update_status,451,0,0,1,0,0
marketing_content_calendar_routes,POST,/{entry_id}/ai-hook,generate_ai_hook,468,0,0,1,0,0
marketing_content_calendar_routes,POST,/{entry_id}/kpi,set_content_kpi,525,1,0,1,0,0
marketing_creator_weekly_report,POST,/weekly-report/send,send_weekly_report,81,0,0,1,0,0
marketing_dashboard,POST,/accounts/{account_id}/recalculate-health,recalculate_account_health,220,0,0,1,0,0
marketing_dashboard,POST,/seed-sample-data,seed_sample_data,338,0,0,1,0,0
marketing_data_import,POST,/detect,detect_file,325,1,0,1,0,0
marketing_data_import,POST,/upload,upload,401,1,0,1,0,0
marketing_data_import,DELETE,/formats/{fingerprint},forget_format,870,1,0,1,0,0
marketing_data_import,PUT,/sessions/{session_id}/mapping,update_mapping,955,0,0,1,0,0
marketing_data_import,POST,/sessions/{session_id}/ai-assist,ai_assist,1049,0,0,1,0,0
marketing_data_import,POST,/sessions/{session_id}/sku-map,sku_map_save,2518,0,0,1,0,0
marketing_data_import,POST,/sessions/{session_id}/commit,commit,3078,1,0,1,0,0
marketing_data_import,POST,/sessions/{session_id}/rollback,rollback,3386,0,0,1,0,0
marketing_data_import,DELETE,/sessions/{session_id},delete_session,3522,1,0,1,0,0
marketing_discounts_routes,POST,,create_discount,279,0,0,1,0,0
marketing_discounts_routes,PUT,/{disc_id},update_discount,310,0,0,1,0,0
marketing_discounts_routes,DELETE,/{disc_id},delete_discount,331,1,0,1,0,0
marketing_integration_settings_routes,PUT,/{platform},save_config,115,0,0,1,0,0
marketing_integration_settings_routes,DELETE,/{platform},disconnect_platform,158,1,0,1,0,0
marketing_integration_settings_routes,POST,/{platform}/test,test_connection,173,0,0,1,0,0
marketing_kol_creators,POST,/kol/creators,create_creator,15,0,0,1,0,0
marketing_kol_creators,PUT,/kol/creators/{creator_id},update_creator,118,0,0,1,0,0
marketing_kol_creators,DELETE,/kol/creators/{creator_id},deactivate_creator,171,1,0,1,0,0
marketing_kol_creators,POST,/kol/creators/{creator_id}/portal-account,set_portal_account,191,0,0,1,0,0
marketing_kol_incentive,PUT,/creators/{creator_id}/incentive,set_incentive,166,0,0,1,0,0
marketing_kol_incentive,POST,/creators/{creator_id}/incentive/entries,add_entry,193,0,0,1,0,0
marketing_kol_incentive,DELETE,/creators/{creator_id}/incentive/entries/{entry_id},del_entry,219,1,0,1,0,0
marketing_kol_incentive,POST,/creators/{creator_id}/incentive/close-period,close_period,230,0,0,1,0,0
marketing_kol_ops,POST,/kol/sessions,create_session,19,0,0,1,0,0
marketing_kol_ops,DELETE,/kol/sessions/{session_id},delete_session,79,1,0,1,0,0
marketing_kol_ops,POST,/kol/requests/{request_id}/approve,approve_request,135,1,0,1,0,0
marketing_kol_ops,POST,/kol/requests/{request_id}/reject,reject_request,159,1,0,1,0,0
marketing_kol_ops,POST,/kol/catalog,add_catalog_item,204,0,0,1,0,0
marketing_kol_ops,PUT,/kol/catalog/{item_id},update_catalog_item,227,0,0,1,0,0
marketing_kol_ops,DELETE,/kol/catalog/{item_id},remove_catalog_item,244,1,0,1,0,0
marketing_kol_ops,POST,/kol/seed-demo,seed_kol_demo,339,0,0,1,0,0
marketing_kol_portal,POST,/creator-portal/auth/login,creator_login,52,0,0,1,0,0
marketing_kol_portal,POST,/creator-portal/requests,creator_request_item,146,0,0,1,0,0
marketing_kol_portal,POST,/creator-portal/sessions,creator_create_session,188,0,0,1,0,0
marketing_live_sessions_routes,POST,/sessions,create_live_session,447,1,0,1,0,0
marketing_live_sessions_routes,PUT,/sessions/{session_id},update_live_session,494,1,0,1,0,0
marketing_live_sessions_routes,DELETE,/sessions/{session_id},delete_live_session,548,1,0,1,0,0
marketing_live_sessions_routes,PUT,/sessions/{session_id}/products,replace_session_products,592,0,0,1,0,0
marketing_live_sessions_routes,POST,/sessions/{session_id}/products,add_session_product,607,0,0,1,0,0
marketing_live_sessions_routes,PUT,/sessions/{session_id}/products/{line_id},update_session_product,622,0,0,1,0,0
marketing_live_sessions_routes,DELETE,/sessions/{session_id}/products/{line_id},delete_session_product,637,1,0,1,0,0
marketing_live_sessions_routes,POST,/sessions/{session_id}/products/sync-session-totals,sync_session_totals,649,0,0,1,0,0
marketing_livehost_analytics,POST,/payment/calculate,calculate_payments,224,0,0,1,0,0
marketing_livehost_analytics,POST,/payment/sync-to-finance,sync_payments_to_finance,327,0,0,1,0,0
marketing_livehost_hosts,POST,,create_livehost,35,0,0,1,0,0
marketing_livehost_portal,POST,/portal/auth/login,livehost_portal_login,36,0,0,1,0,0
marketing_livehost_portal,POST,/portal/training/{progress_id}/complete,portal_complete_training,240,0,0,1,0,0
marketing_livehost_portal,POST,/portal/clock,portal_clock_in_out,287,0,0,1,0,0
marketing_livehost_portal,POST,/portal/notifications/{notif_id}/read,mark_notification_read,505,0,0,1,0,0
marketing_livehost_portal,POST,/portal/notifications/mark-all-read,mark_all_notifications_read,520,0,0,1,0,0
marketing_livehost_portal,PATCH,/{host_id},update_livehost,566,0,0,1,0,0
marketing_livehost_portal,DELETE,/{host_id},delete_livehost,622,1,0,1,0,0
marketing_livehost_scripts,POST,/scripts,create_script,33,0,0,1,0,0
marketing_livehost_scripts,PUT,/scripts/{script_id},update_script,124,0,0,1,0,0
marketing_livehost_scripts,DELETE,/scripts/{script_id},delete_script,157,1,0,1,0,0
marketing_livehost_shifts,POST,/shifts,create_shift,38,0,0,1,0,0
marketing_livehost_shifts,PATCH,/shifts/{shift_id},update_shift,242,0,0,1,0,0
marketing_livehost_shifts,DELETE,/shifts/{shift_id},delete_shift,297,1,0,1,0,0
marketing_livehost_shifts,POST,/clock,clock_in_out,320,0,0,1,0,0
marketing_livehost_shifts,POST,/shifts/{shift_id}/performance,record_shift_performance,403,0,0,1,0,0
marketing_livehost_training,POST,/training,create_training,34,0,0,1,0,0
marketing_livehost_training,PUT,/training/{training_id},update_training,92,0,0,1,0,0
marketing_livehost_training,DELETE,/training/{training_id},delete_training,120,1,0,1,0,0
marketing_livehost_training,POST,/training/assign,assign_training,142,0,0,1,0,0
marketing_livehost_training,POST,/training/progress/{progress_id}/complete,complete_training,253,0,0,1,0,0
marketing_orders_routes,POST,,create_order,743,0,0,1,0,0
marketing_orders_routes,DELETE,/{order_id},delete_order,1016,1,0,1,0,0
marketing_orders_routes,PATCH,/{order_id}/status,update_order_status,1064,0,0,1,0,0
marketing_orders_routes,POST,/bulk-status,bulk_update_status,1104,0,0,1,0,0
marketing_product_launches_routes,POST,,create_launch,403,0,0,1,0,0
marketing_product_launches_routes,PUT,/{launch_id},update_launch,447,0,0,1,0,0
marketing_product_launches_routes,DELETE,/{launch_id},delete_launch,478,1,0,1,0,0
marketing_product_launches_routes,POST,/{launch_id}/status,update_status,488,0,0,1,0,0
marketing_reports,POST,/admin/migrate-seed-accounts,migrate_seed_accounts,415,1,0,1,0,0
marketing_returns_routes,POST,,create_return,356,0,0,1,0,0
marketing_returns_routes,PUT,/{return_id},update_return,435,0,0,1,0,0
marketing_returns_routes,DELETE,/{return_id},delete_return,466,1,0,1,0,0
marketing_returns_routes,POST,/{return_id}/approve,approve_return,475,1,0,1,0,0
marketing_returns_routes,POST,/{return_id}/reject,reject_return,515,1,0,1,0,0
marketing_returns_routes,POST,/{return_id}/complete,complete_return,556,0,0,1,0,0
marketing_returns_routes,POST,/sync-to-warehouse,sync_returns_to_warehouse,598,0,0,1,0,0
marketing_returns_routes,POST,/{return_id}/create-wh-return,create_wh_return_from_marketing,628,0,0,1,0,0
marketing_returns_routes,POST,/{return_id}/create-credit-note,create_credit_note,683,0,0,1,0,0
marketing_returns_routes,POST,/credit-notes/{cn_id}/post-to-gl,retry_post_credit_note,785,1,0,1,0,0
marketing_reviews_routes,POST,,create_review,345,0,0,1,0,0
marketing_reviews_routes,PUT,/{review_id},update_review,391,0,0,1,0,0
marketing_reviews_routes,DELETE,/{review_id},delete_review,426,1,0,1,0,0
marketing_reviews_routes,POST,/{review_id}/respond,respond_to_review,435,0,0,1,0,0
marketing_reviews_routes,POST,/{review_id}/ai-categorize,ai_categorize_review,460,0,0,1,0,0
marketing_sales,POST,/sales-data,create_sales_data,26,1,0,1,0,0
marketing_sales,POST,/sales/recompute,recompute_daily_from_orders,154,0,0,1,0,0
marketing_sales,POST,/sales-data/generate-ar-batch,generate_ar_batch_from_sales,257,0,0,1,0,0
marketing_samples_routes,POST,,create_sample,300,1,0,1,0,0
marketing_samples_routes,PUT,/{sample_id},update_sample,364,0,0,1,0,0
marketing_samples_routes,DELETE,/{sample_id},delete_sample,390,1,0,1,0,0
marketing_samples_routes,POST,/{sample_id}/ship,ship_sample,399,0,0,1,0,0
marketing_samples_routes,POST,/{sample_id}/deliver,deliver_sample,416,0,0,1,0,0
marketing_samples_routes,POST,/{sample_id}/update-progress,update_progress,434,0,0,1,0,0
marketing_settlements,POST,/import/preview,import_preview,291,1,0,1,0,0
marketing_settlements,POST,/import/mapping,save_import_mapping,341,1,0,1,0,0
marketing_settlements,DELETE,/import/mapping/{map_id},delete_import_mapping,376,1,0,1,0,0
marketing_settlements,POST,,create_settlement,534,1,0,1,0,0
marketing_settlements,PUT,/{sid},update_settlement,585,1,0,1,0,0
marketing_settlements,DELETE,/{sid},delete_settlement,628,1,0,1,0,0
marketing_settlements,POST,/{sid}/journal,create_draft_journal,648,1,0,1,0,0
marketing_settlements,POST,/{sid}/post,post_settlement_journal,982,1,0,1,0,0
marketing_targets,POST,,upsert_target,54,1,0,1,0,0
marketing_targets,POST,/creator,upsert_creator_target,296,0,0,1,0,0
marketing_task_templates,POST,/task-templates,create_task_template,27,0,0,1,0,0
marketing_task_templates,PUT,/task-templates/{template_id},update_task_template,99,0,0,1,0,0
marketing_task_templates,DELETE,/task-templates/{template_id},delete_task_template,142,1,0,1,0,0
marketing_task_templates,POST,/auto-create-tasks/trigger,trigger_auto_create_tasks,248,1,0,1,0,0
marketing_tasks,POST,/tasks,create_task,31,0,0,1,0,0
marketing_tasks,PUT,/tasks/{task_id},update_task,164,0,0,1,0,0
marketing_tasks,POST,/tasks/{task_id}/approve,approve_task,222,0,0,1,0,0
marketing_tasks,POST,/tasks/{task_id}/reject,reject_task,266,0,0,1,0,0
marketing_tasks,DELETE,/tasks/{task_id},delete_task,311,1,0,1,0,0
marketing_tasks,POST,/tasks/{task_id}/complete-action,complete_task_action,345,0,0,1,0,0
marketing_toko_sync_routes,PUT,/{account_key}/legacy-config,update_legacy_channel_config,67,0,0,1,0,0
marketing_toko_sync_routes,POST,/{account_key}/sync,sync_account,162,0,0,1,0,0
marketing_webhooks,POST,/tokopedia,receive_tokopedia,284,0,0,0,1,0
marketing_webhooks,POST,/shopee,receive_shopee,307,0,0,0,1,0
marketing_webhooks,POST,/tiktok,receive_tiktok,330,0,0,0,1,0
marketing_webhooks,POST,/manual,manual_ingest,383,1,0,0,0,0
marketing_webhooks,POST,/events/{event_id}/reprocess,reprocess_event,447,1,0,0,0,0
marketing_withdrawals,POST,/import/preview,import_preview,87,1,0,1,0,0
marketing_withdrawals,POST,/import/commit,import_commit,125,1,0,1,0,0
marketing_withdrawals,POST,,create_withdrawal,221,1,0,1,0,0
marketing_withdrawals,PUT,/{wid},update_withdrawal,235,1,0,1,0,0
marketing_withdrawals,DELETE,/{wid},delete_withdrawal,260,1,0,1,0,0
marketing_withdrawals,POST,/{wid}/journal,create_draft_journal,276,1,0,1,0,0
marketing_withdrawals,POST,/{wid}/post,post_withdrawal_journal,321,1,0,1,0,0
master_data,POST,/garments,create_garment,99,1,0,1,0,0
master_data,PUT,/garments/{gid},update_garment,127,1,0,1,0,0
master_data,DELETE,/garments/{gid},delete_garment,144,1,0,1,0,0
master_data,POST,/buyers,create_buyer,191,1,0,1,0,0
master_data,PUT,/buyers/{bid},update_buyer,224,1,0,1,0,0
master_data,DELETE,/buyers/{bid},delete_buyer,240,1,0,1,0,0
master_data,POST,/products,create_product,286,1,0,1,0,0
master_data,PUT,/products/{pid},update_product,298,1,0,1,0,0
master_data,DELETE,/products/{pid},delete_product,311,1,0,1,0,0
master_data,POST,/products/{pid}/photo,upload_product_photo,325,1,0,1,0,0
master_data,POST,/product-variants,create_variant,418,1,0,1,0,0
master_data,PUT,/product-variants/{vid},update_variant,438,1,0,1,0,0
master_data,DELETE,/product-variants/{vid},delete_variant,450,1,0,1,0,0
master_fill,POST,/bom/copy-missing,bom_copy_missing,28,1,0,1,0,0
master_fill,POST,/bom/add-lines,bom_add_lines,37,1,0,1,0,0
master_fill,POST,/gap-workbook,gap_workbook_sisa,65,1,0,1,0,0
master_fill,POST,/gap-fokus,gap_fokus,78,1,0,1,0,0
master_fill,POST,/fill-preview,fill_preview,91,1,0,1,0,0
master_fill,POST,/fill-apply,fill_apply,97,1,0,1,0,0
master_fill,POST,/laporan-sisa,laporan_sisa,124,1,0,1,0,0
master_fill,POST,/recalc-hpp,recalc_hpp,136,1,0,1,0,0
master_sync,POST,/sync,run_master_sync,13,1,0,1,0,0
notification_categories,PUT,/category-config,save_config,343,1,0,0,0,0
notification_categories,PUT,/my-category-prefs,save_prefs,386,1,0,0,0,0
notifications,POST,/{notification_id}/read,mark_notification_read,144,1,0,0,0,0
notifications,POST,/mark-all-read,mark_all_read,160,1,0,0,0,0
notifications,POST,,create_notification_api,185,0,0,0,1,0
notifications,DELETE,/{notification_id},delete_notification,207,1,0,0,0,0
notifications_unified,POST,/{notif_id}/mark-read,mark_read,164,0,0,0,1,0
notifications_unified,POST,/mark-all-read,mark_all_read,180,0,0,0,1,0
operations,POST,/accessories,create_accessory,67,0,0,1,0,0
operations,PUT,/accessories/{acc_id},update_accessory,74,0,0,1,0,0
operations,DELETE,/accessories/{acc_id},delete_accessory,81,1,0,1,0,0
operations,POST,/accessory-shipments,create_acc_shipment,101,0,0,1,0,0
operations,PUT,/accessory-shipments/{sid},update_acc_shipment,108,0,0,1,0,0
operations,DELETE,/accessory-shipments/{sid},delete_acc_shipment,115,1,0,1,0,0
operations,POST,/accessory-inspections,create_acc_inspection,135,0,0,1,0,0
operations,POST,/accessory-defects,create_acc_defect,155,0,0,1,0,0
operations,POST,/accessory-requests,create_acc_request,175,0,0,1,0,0
operations,PUT,/accessory-requests/{req_id},update_acc_request,182,0,0,1,0,0
operations_import,POST,/import-data,import_data,21,1,0,0,0,0
operations_pdf_configs,POST,/pdf-export-configs,create_pdf_export_config,65,0,0,1,0,0
operations_pdf_configs,PUT,/pdf-export-configs/{config_id},update_pdf_export_config,97,0,0,1,0,0
operations_pdf_configs,DELETE,/pdf-export-configs/{config_id},delete_pdf_export_config,129,1,0,1,0,0
operations_reminders,POST,/reminders,create_reminder,44,1,0,0,0,0
operations_reminders,PUT,/reminders/{reminder_id},update_reminder,74,1,0,0,0,0
operations_reminders,DELETE,/reminders/{reminder_id},delete_reminder,118,1,0,0,0,0
payroll_automation,POST,/schedule,set_schedule,136,0,0,1,0,0
payroll_automation,POST,/trigger,trigger_payroll_run,156,0,0,1,0,0
payroll_automation,POST,/attendance-sync,apply_attendance_sync,301,0,0,1,0,0
pdf_document_settings,PUT,/{doc_type},save_settings,45,1,0,1,0,0
pdf_templates,PUT,/global,put_global_template,79,1,0,1,0,0
pdf_templates,POST,/preview,preview,90,0,0,1,0,0
pdf_templates,PUT,/{doc_key},put_doc_template,162,1,0,1,0,0
pdf_templates,DELETE,/{doc_key},reset_doc_template,175,1,0,1,0,0
portal_assistant_routes,POST,/ask,ask,64,1,0,0,0,0
portal_assistant_routes,DELETE,/history,clear_history,145,1,0,0,0,0
procurement_suppliers,POST,/suppliers,create_supplier,380,1,0,1,0,0
procurement_suppliers,PUT,/suppliers/{supplier_id},update_supplier,437,1,0,1,0,0
procurement_suppliers,DELETE,/suppliers/{supplier_id},deactivate_supplier,471,1,0,1,0,0
procurement_suppliers,POST,/suppliers/{supplier_id}/activate,activate_supplier,493,1,0,1,0,0
procurement_suppliers,POST,/suppliers/{supplier_id}/price-list,add_price_list,574,1,0,1,0,0
procurement_suppliers,PUT,/suppliers/{supplier_id}/price-list/{row_id},update_price_list,594,1,0,1,0,0
procurement_suppliers,DELETE,/suppliers/{supplier_id}/price-list/{row_id},delete_price_list,609,1,0,1,0,0
procurement_suppliers,POST,/suppliers/migrate-from-legacy,migrate_from_legacy,727,1,0,1,0,0
product_costing,PUT,/settings,put_settings,89,0,0,1,0,0
product_costing,PUT,/models/{model_id}/labor,put_labor,144,0,0,1,0,0
product_costing,POST,/models/{model_id}/apply,apply_model,160,0,0,1,0,0
product_costing,POST,/apply-all,apply_all,185,0,0,1,0,0
production_execution,POST,/production-jobs,create_job,601,1,0,1,0,0
production_execution,DELETE,/production-jobs/{jid},delete_job,717,1,0,1,0,0
production_execution,POST,/production-progress,create_progress,958,1,0,1,0,0
production_execution,POST,/work-orders,create_work_order,1279,1,0,1,0,0
production_execution,DELETE,/work-orders/{woid},delete_work_order,1304,1,0,1,0,0
production_execution,POST,/recalculate-jobs,recalculate_jobs,1317,1,0,1,0,0
production_internal_adapter,POST,/rahaza/material-issues/draft-from-job,draft_mi_from_job_endpoint,336,1,0,1,0,0
production_internal_adapter,POST,/production-jobs/{job_id}/hpp-snapshot,snapshot_hpp_job,497,1,0,1,0,0
production_internal_adapter,POST,/production-pos/from-order/{order_id},create_po_from_order,528,1,0,1,0,0
production_maklon_bridge,POST,/production-pos/{po_id}/sync-maklon-finance,sync_maklon_finance_endpoint,256,1,0,1,0,0
production_material_returns,POST,,create_return,117,0,0,1,0,0
production_material_returns,PUT,/{return_id},update_return,175,0,0,1,0,0
production_material_returns,POST,/{return_id}/submit,submit_return,192,0,0,1,0,0
production_material_returns,POST,/{return_id}/approve,approve_return,260,1,0,1,0,0
production_material_returns,POST,/{return_id}/reject,reject_return,295,1,0,1,0,0
production_material_returns,POST,/{return_id}/receive,receive_return,322,0,0,1,0,0
production_material_returns,DELETE,/{return_id},delete_return,398,1,0,1,0,0
production_pos,POST,/production-pos,create_po,219,1,0,1,0,0
production_pos,POST,/production-pos/{po_id}/accessory-requirements/create-request,po_accessory_create_request,471,1,0,1,0,0
production_pos,POST,/production-pos/{po_id}/close,close_po,586,1,0,1,0,0
production_pos,POST,/production-pos/{po_id}/close-short,close_po_short,612,1,0,1,0,0
production_pos,PUT,/production-pos/{po_id},update_po,705,1,0,1,0,0
production_pos,DELETE,/production-pos/{po_id},delete_po,913,1,0,1,0,0
production_pos,PUT,/po-items/{item_id},update_po_item,1008,1,0,1,0,0
production_pos,DELETE,/po-items/{item_id},delete_po_item,1019,1,0,1,0,0
production_pos,POST,/production-pos/{po_id}/quick-complete,quick_complete_po,1029,1,0,1,0,0
production_pos,POST,/production-pos/{po_id}/status,transition_po_status,1307,1,0,1,0,0
production_pos,POST,/po-accessories,add_po_accessory,1510,1,0,1,0,0
production_pos,DELETE,/po-accessories/{acc_id},remove_po_accessory,1539,1,0,1,0,0
production_sewing_cost,PUT,/pos/{po_id},set_po_sewing,266,0,0,1,0,0
production_sewing_cost,POST,/link/{po_item_id},link_item,427,0,0,1,0,0
production_stage_tracking,PUT,/production-pos/{po_id}/stage-qty,update_po_stage_qty,26,1,0,1,0,0
rahaza_360_feedback,POST,/cycles,create_cycle,52,0,0,1,0,0
rahaza_360_feedback,POST,/cycles/{cycle_id}/submit,submit_feedback,121,0,0,1,0,0
rahaza_360_feedback,POST,/cycles/{cycle_id}/close,close_cycle,154,1,0,1,0,0
rahaza_accruals,POST,/accruals,create_accrual,77,0,0,1,0,0
rahaza_accruals,PUT,/accruals/{accrual_id},update_accrual,159,0,0,1,0,0
rahaza_accruals,DELETE,/accruals/{accrual_id},delete_accrual,193,1,0,1,0,0
rahaza_accruals,POST,/accruals/{accrual_id}/post,post_accrual,214,0,0,1,0,0
rahaza_accruals,POST,/accruals/{accrual_id}/reverse,reverse_accrual,267,0,0,1,0,0
rahaza_accruals,POST,/accruals/create-recurring,create_recurring_accruals,318,0,0,1,0,0
rahaza_admin,POST,/purge-demo-data,purge_demo_data,23,1,0,1,0,0
rahaza_admin,POST,/reset-and-seed,reset_and_seed,45,1,0,1,0,0
rahaza_admin,POST,/seed-coa,seed_coa_endpoint,59,1,0,1,0,0
rahaza_admin,POST,/seed-posting-profiles,seed_posting_profiles_endpoint,85,1,0,1,0,0
rahaza_admin,POST,/seed-all-accounting,seed_all_accounting_endpoint,111,1,0,1,0,0
rahaza_ai,POST,/ai/chat,ai_chat,158,1,0,1,0,0
rahaza_ai,POST,/ai/root-cause,ai_root_cause,213,0,0,1,0,0
rahaza_ai,POST,/ai/smart-search,ai_smart_search,263,0,0,1,0,0
rahaza_alerts,PUT,/settings,update_alert_settings,392,1,0,1,0,0
rahaza_alerts,POST,/evaluate,manual_evaluate,440,1,0,1,0,0
rahaza_ap_from_gr,POST,/ap-invoices/from-gr,create_ap_invoice_from_gr,198,1,0,1,0,0
rahaza_approval_delegation,POST,,create_delegation,63,1,0,1,0,0
rahaza_approval_delegation,DELETE,/{delegation_id},revoke_delegation,94,1,0,1,0,0
rahaza_aql,POST,/calculate,calculate_aql,141,0,0,1,0,0
rahaza_attendance,PUT,/attendance/office-location,set_office_location,79,1,0,1,0,0
rahaza_attendance,POST,/attendance/clock-in,clock_in,141,1,0,1,0,0
rahaza_attendance,POST,/attendance/clock-out,clock_out,198,1,0,1,0,0
rahaza_attendance,POST,/attendance/bulk,bulk_attendance,301,0,0,1,0,0
rahaza_attendance,POST,/attendance,upsert_attendance,402,0,0,1,0,0
rahaza_attendance_permits,POST,/attendance/permits/{session_id}/approve,approve_permit,259,1,0,1,0,0
rahaza_attendance_permits,POST,/attendance/permits/{session_id}/reject,reject_permit,267,1,0,1,0,0
rahaza_attendance_permits,POST,/attendance/permits/{session_id}/cancel,cancel_permit,278,1,0,1,0,0
rahaza_attendance_sessions,POST,/attendance/sessions/start,start_session,207,1,0,1,0,0
rahaza_attendance_sessions,POST,/attendance/sessions/end,end_session,310,0,0,1,0,0
rahaza_auto_attendance_approvals,POST,/attendance/approvals/{event_id}/approve,approve_attendance,93,1,0,1,0,0
rahaza_auto_attendance_approvals,POST,/attendance/approvals/{event_id}/reject,reject_attendance,121,1,0,1,0,0
rahaza_auto_attendance_config,PUT,/attendance/auto-config,update_auto_config,140,1,0,1,0,0
rahaza_auto_attendance_selfie,POST,/attendance/selfie/clock-in,selfie_clock_in,107,0,0,1,0,0
rahaza_auto_attendance_selfie,POST,/attendance/selfie/clock-out,selfie_clock_out,206,0,0,1,0,0
rahaza_auto_attendance_webauthn,POST,/attendance/webauthn/register/options,webauthn_register_options,90,0,0,1,0,0
rahaza_auto_attendance_webauthn,POST,/attendance/webauthn/register/verify,webauthn_register_verify,158,0,0,1,0,0
rahaza_auto_attendance_webauthn,POST,/attendance/webauthn/auth/options,webauthn_auth_options,231,0,0,1,0,0
rahaza_auto_attendance_webauthn,POST,/attendance/webauthn/clock-in,webauthn_clock_in,287,0,0,1,0,0
rahaza_auto_attendance_webauthn,POST,/attendance/webauthn/clock-out,webauthn_clock_out,403,0,0,1,0,0
rahaza_auto_attendance_webauthn,DELETE,/attendance/webauthn/devices/{device_id},revoke_webauthn_device,514,1,0,1,0,0
rahaza_auto_attendance_zkteco,POST,/devices/zkteco,add_zkteco_device,62,1,0,1,0,0
rahaza_auto_attendance_zkteco,PUT,/devices/zkteco/{device_id},update_zkteco_device,95,1,0,1,0,0
rahaza_auto_attendance_zkteco,DELETE,/devices/zkteco/{device_id},delete_zkteco_device,115,1,0,1,0,0
rahaza_auto_attendance_zkteco,POST,/devices/zkteco/{device_id}/sync,sync_zkteco_device,128,1,0,1,0,0
rahaza_bank_recon,POST,/bank-recon-adjustments,create_bank_adjustment,79,1,0,1,0,0
rahaza_bank_recon,PUT,/bank-recon-adjustments/{adjustment_id},update_bank_adjustment,148,1,0,1,0,0
rahaza_bank_recon,DELETE,/bank-recon-adjustments/{adjustment_id},delete_bank_adjustment,184,1,0,1,0,0
rahaza_bank_recon,POST,/bank-recon-adjustments/{adjustment_id}/post,post_bank_adjustment,205,1,0,1,0,0
rahaza_bank_transfers,POST,,create_transfer,119,1,0,1,0,0
rahaza_bank_transfers,POST,/{tf_id}/retry-posting,retry_posting,180,1,0,1,0,0
rahaza_bank_transfers,POST,/{tf_id}/void,void_transfer,192,1,0,1,0,0
rahaza_bom,POST,/boms/relink-materials,bom_relink_materials,399,1,0,1,0,0
rahaza_bom,POST,/bom-uom-backfill,bom_uom_backfill,740,1,0,1,0,0
rahaza_bom,POST,/boms,create_bom,765,1,0,1,0,0
rahaza_bom,PUT,/boms/{bid},update_bom,824,1,0,1,0,0
rahaza_bom,POST,/boms/{bid}/activate,activate_bom_version,856,1,0,1,0,0
rahaza_bom,POST,/boms/{bid}/requirements,preview_requirements,877,0,0,1,0,0
rahaza_bom,DELETE,/boms/{bid},delete_bom,934,1,0,1,0,0
rahaza_bom,POST,/boms/{bid}/copy-to-sizes,copy_bom_to_sizes,945,1,0,1,0,0
rahaza_budget,POST,/budgets,create_budget,67,0,0,1,0,0
rahaza_budget,PUT,/budgets/{bid},update_budget,114,0,0,1,0,0
rahaza_budget,DELETE,/budgets/{bid},delete_budget,137,1,0,1,0,0
rahaza_budget,POST,/budgets/{bid}/approve,approve_budget,151,1,0,1,0,0
rahaza_budget,POST,/budgets/{bid}/lock,lock_budget,173,0,0,1,0,0
rahaza_budget,POST,/budgets/{bid}/reopen,reopen_budget,190,0,0,1,0,0
rahaza_budget,POST,/budgets/{bid}/items,add_budget_item,231,0,0,1,0,0
rahaza_budget,PUT,/budgets/{bid}/items/{iid},update_budget_item,267,0,0,1,0,0
rahaza_budget,DELETE,/budgets/{bid}/items/{iid},delete_budget_item,296,1,0,1,0,0
rahaza_budget,POST,/budgets/{bid}/import-excel,import_budget_excel,401,0,0,1,0,0
rahaza_channel_gl_mapping,POST,,create_channel,89,1,0,1,0,0
rahaza_channel_gl_mapping,PUT,/{cid},update_channel,116,1,0,1,0,0
rahaza_channel_gl_mapping,DELETE,/{cid},delete_channel,139,1,0,1,0,0
rahaza_channel_gl_mapping,POST,/seed-da,seed_da_channels,155,1,0,1,0,0
rahaza_coa,POST,/accounts,create_account,233,1,1,1,0,0
rahaza_coa,PUT,/accounts/{aid},update_account,276,1,1,1,0,0
rahaza_coa,DELETE,/accounts/{aid},deactivate_account,304,1,1,1,0,0
rahaza_coa,POST,/seed,seed_template,322,1,1,1,0,0
rahaza_coa,POST,/migrate-canonical,migrate_canonical_endpoint,688,1,1,1,0,0
rahaza_coa,POST,/seed-da,seed_da_coa,702,1,1,1,0,0
rahaza_downtime,POST,/downtime,create_downtime,113,0,0,1,0,0
rahaza_downtime,PUT,/downtime/{dt_id},update_downtime,148,0,0,1,0,0
rahaza_downtime,DELETE,/downtime/{dt_id},delete_downtime,174,1,0,1,0,0
rahaza_employee_loans,POST,/employee-loans/disburse,disburse_employee_loan,40,0,0,1,0,0
rahaza_employee_loans,POST,/employee-loans/{loan_id}/repay,manual_loan_repayment,162,0,0,1,0,0
rahaza_employee_loans,POST,/employee-loans/{loan_id}/deduct-from-payroll,deduct_loan_from_payroll,243,0,0,1,0,0
rahaza_fg_matrix,POST,/allocate,allocate_fg,305,0,0,1,0,0
rahaza_fg_matrix,POST,/release/{reservation_id},release_fg,383,0,0,1,0,0
rahaza_fg_matrix,POST,/seed-demo,seed_demo,473,0,0,1,0,0
rahaza_finance,POST,/cost-centers,create_cost_center,176,1,1,1,0,0
rahaza_finance,PUT,/cost-centers/{cid},update_cost_center,200,1,1,1,0,0
rahaza_finance,DELETE,/cost-centers/{cid},delete_cost_center,216,1,1,1,0,0
rahaza_finance,POST,/ar-invoices,create_ar,247,1,1,1,0,0
rahaza_finance,POST,/ar-invoices/{iid}/status,change_ar_status,288,1,1,1,0,0
rahaza_finance,POST,/ar-invoices/{iid}/send,send_ar_invoice,323,1,1,1,0,0
rahaza_finance,POST,/ar-invoices/{iid}/post-to-gl,retry_post_ar,346,1,1,1,0,0
rahaza_finance,POST,/ar-invoices/{iid}/payment,record_ar_payment,360,1,1,1,0,0
rahaza_finance,POST,/ar-invoices/{iid}/write-off-bad-debt,write_off_bad_debt,490,1,1,1,0,0
rahaza_finance,POST,/ap-invoices,create_ap,680,1,1,1,0,0
rahaza_finance,POST,/ap-invoices/{iid}/payment,record_ap_payment,712,1,1,1,0,0
rahaza_finance,POST,/ap-invoices/{iid}/status,change_ap_status,807,1,1,1,0,0
rahaza_finance,POST,/ap-invoices/{iid}/send,send_ap_invoice,839,1,1,1,0,0
rahaza_finance,POST,/ap-invoices/{iid}/post-to-gl,retry_post_ap,862,1,1,1,0,0
rahaza_finance,POST,/finance/sync-masters,sync_masters,946,1,1,1,0,0
rahaza_finance,POST,/cash-accounts/sync-gl,sync_cash_accounts_gl,954,1,1,1,0,0
rahaza_finance,POST,/cash-accounts,create_cash_account,976,1,1,1,0,0
rahaza_finance,PUT,/cash-accounts/{aid},update_cash_account,1030,1,1,1,0,0
rahaza_finance,DELETE,/cash-accounts/{aid},delete_cash_account,1044,1,1,1,0,0
rahaza_finance,POST,/expenses,create_expense,1097,1,1,1,0,0
rahaza_finance,POST,/expenses/{eid}/post-to-gl,retry_post_expense,1141,1,1,1,0,0
rahaza_fixed_assets,POST,/fixed-assets,create_fixed_asset,146,0,0,1,0,0
rahaza_fixed_assets,PUT,/fixed-assets/{aid},update_fixed_asset,310,0,0,1,0,0
rahaza_fixed_assets,POST,/fixed-assets/{aid}/post-depr/{period},post_depreciation,339,0,0,1,0,0
rahaza_fixed_assets,POST,/fixed-assets/{aid}/dispose,dispose_asset,391,0,0,1,0,0
rahaza_fixed_assets,POST,/fixed-assets/run-batch-depreciation,run_batch_depreciation,442,0,0,1,0,0
rahaza_grn_qc,POST,/aql/calculate,aql_calculate,134,0,0,1,0,0
rahaza_grn_qc,POST,/inspect/{receipt_id},submit_inspection,154,1,0,1,0,0
rahaza_grn_qc,POST,/seed-demo,seed_grn_qc_demo,626,0,0,1,0,0
rahaza_hpp,PUT,/costing-settings,update_settings,67,1,0,1,0,0
rahaza_hpp,POST,/hpp/maklon-order/{order_id}/snapshot,snapshot_hpp_maklon_order,230,0,0,1,0,0
rahaza_hpp,POST,/hpp/production-po/{po_id}/snapshot,snapshot_hpp_production_po,262,0,0,1,0,0
rahaza_hr_seed,POST,/run,run_seed,72,1,0,1,0,0
rahaza_hr_seed,POST,/seed-connected,seed_connected_demo_data,387,1,0,1,0,0
rahaza_hr_seed,POST,/seed-kpi,seed_kpi_demo,501,1,0,1,0,0
rahaza_integrations,POST,,upsert_setting,184,1,0,1,0,0
rahaza_integrations,DELETE,/{key_name},delete_setting,232,1,0,1,0,0
rahaza_inventory_fg,POST,/fg-issue,create_fg_issue,48,0,0,1,0,0
rahaza_inventory_issues,POST,/material-issues,create_mi_manual,99,1,0,1,0,0
rahaza_inventory_issues,PUT,/material-issues/{mid},update_mi,135,1,0,1,0,0
rahaza_inventory_issues,POST,/material-issues/{mid}/submit,submit_mi,171,1,0,1,0,0
rahaza_inventory_issues,POST,/material-issues/{mid}/approve,approve_mi,193,1,0,1,0,0
rahaza_inventory_issues,POST,/material-issues/{mid}/reject,reject_mi,231,1,0,1,0,0
rahaza_inventory_materials,POST,/materials,create_material,130,1,0,1,0,0
rahaza_inventory_materials,PUT,/materials/{mid},update_material,202,1,0,1,0,0
rahaza_inventory_materials,DELETE,/materials/{mid},deactivate_material,296,1,0,1,0,0
rahaza_inventory_materials,POST,/material-categories,create_material_category,330,1,0,1,0,0
rahaza_inventory_materials,PUT,/material-categories/{cid},update_material_category,351,1,0,1,0,0
rahaza_inventory_materials,DELETE,/material-categories/{cid},deactivate_material_category,370,1,0,1,0,0
rahaza_inventory_materials,POST,/materials/{mid}/rebase-uom,rebase_material_uom,393,1,0,1,0,0
rahaza_inventory_stock,POST,/material-receive,material_receive,258,1,0,1,0,0
rahaza_inventory_stock,POST,/material-transfer,material_transfer,305,1,0,1,0,0
rahaza_inventory_stock,POST,/material-adjust,material_adjust,335,1,0,1,0,0
rahaza_inventory_thresholds,POST,/stock-thresholds/bulk,save_stock_thresholds,63,1,0,1,0,0
rahaza_inventory_thresholds,POST,/stock-thresholds/bulk-fill,bulk_fill_thresholds,95,1,0,1,0,0
rahaza_inventory_thresholds,POST,/stock-thresholds/bulk-clear,bulk_clear_thresholds,123,1,0,1,0,0
rahaza_inventory_workflow,POST,/material-issues/{mid}/confirm,confirm_mi,18,1,0,1,0,0
rahaza_inventory_workflow,POST,/material-issues/{mid}/post-to-gl,retry_post_mi,92,1,0,1,0,0
rahaza_inventory_workflow,POST,/material-movements/{mv_id}/post-to-gl,retry_post_movement,119,1,0,1,0,0
rahaza_inventory_workflow,POST,/material-issues/{mid}/cancel,cancel_mi,137,1,0,1,0,0
rahaza_inventory_workflow,DELETE,/material-issues/{mid},delete_mi,150,1,0,1,0,0
rahaza_journals,POST,,create_journal,114,1,1,1,0,0
rahaza_journals,POST,/{je_id}/post,post_journal,258,1,1,1,0,0
rahaza_journals,POST,/{je_id}/void,void_journal,305,1,1,1,0,0
rahaza_journals,DELETE,/{je_id},delete_draft,352,1,1,1,0,0
rahaza_leave,POST,/leave-types,create_leave_type,161,1,0,1,0,0
rahaza_leave,PUT,/leave-types/{lt_id},update_leave_type,188,1,0,1,0,0
rahaza_leave,DELETE,/leave-types/{lt_id},deactivate_leave_type,218,1,0,1,0,0
rahaza_leave,POST,/leaves/upload-document,upload_leave_document,282,0,0,1,0,0
rahaza_leave,POST,/leaves/request,request_leave,449,1,0,1,0,0
rahaza_leave,POST,/leaves/{leave_id}/approve,approve_leave,634,1,0,1,0,0
rahaza_leave,POST,/leaves/{leave_id}/reject,reject_leave,835,1,0,1,0,0
rahaza_leave,POST,/leaves/bulk-approve,bulk_approve_leaves,867,1,0,1,0,0
rahaza_leave,DELETE,/leaves/{leave_id},delete_leave,924,1,0,1,0,0
rahaza_leave,POST,/leaves/{leave_id}/cancel,cancel_leave,946,0,0,1,0,0
rahaza_leave_balances,POST,/allocate-year,allocate_year,185,1,0,1,0,0
rahaza_leave_balances,PUT,/{balance_id},update_balance,244,1,0,1,0,0
rahaza_master,POST,/locations,create_location,212,1,0,1,0,0
rahaza_master,PUT,/locations/{loc_id},update_location,247,1,0,1,0,0
rahaza_master,DELETE,/locations/{loc_id},deactivate_location,265,1,0,1,0,0
rahaza_master,PUT,/processes/{pid},update_process,283,1,0,1,0,0
rahaza_master,POST,/shifts,create_shift,306,1,0,1,0,0
rahaza_master,PUT,/shifts/{sid},update_shift,332,1,0,1,0,0
rahaza_master,DELETE,/shifts/{sid},deactivate_shift,350,1,0,1,0,0
rahaza_master,POST,/machines,create_machine,378,1,0,1,0,0
rahaza_master,PUT,/machines/{mid},update_machine,406,1,0,1,0,0
rahaza_master,DELETE,/machines/{mid},deactivate_machine,424,1,0,1,0,0
rahaza_master,POST,/lines,create_line,451,1,0,1,0,0
rahaza_master,PUT,/lines/{lid},update_line,479,1,0,1,0,0
rahaza_master,DELETE,/lines/{lid},deactivate_line,497,1,0,1,0,0
rahaza_master,POST,/employees/sync-user-employee-ids,sync_user_employee_ids,506,1,0,1,0,0
rahaza_master,POST,/employees,create_employee,600,1,0,1,0,0
rahaza_master,PUT,/employees/{eid},update_employee,678,1,0,1,0,0
rahaza_master,DELETE,/employees/{eid},deactivate_employee,714,1,0,1,0,0
rahaza_master,POST,/employees/{eid}/photo,set_employee_photo,737,1,0,1,0,0
rahaza_master,POST,/employees/{eid}/link-user,link_user_to_employee,756,1,0,1,0,0
rahaza_master,POST,/employees/auto-link-users,auto_link_users_by_email,804,1,0,1,0,0
rahaza_material_requirements,POST,/material-requirements,aggregate_material_requirements,112,0,0,1,0,0
rahaza_notifications,POST,/{notif_id}/read,mark_read,284,0,0,0,1,0
rahaza_notifications,POST,/mark-all-read,mark_all_read,293,1,0,0,0,0
rahaza_notifications,POST,/trigger/wo-due-scan,scan_wo_due,322,1,0,0,0,0
rahaza_opening_balance,POST,/preview,preview,51,1,0,1,0,0
rahaza_opening_balance,POST,/apply,apply,61,1,0,1,0,0
rahaza_orders,POST,/customers,create_customer,115,1,0,1,0,0
rahaza_orders,PUT,/customers/{cid},update_customer,159,1,0,1,0,0
rahaza_orders,DELETE,/customers/{cid},deactivate_customer,177,1,0,1,0,0
rahaza_orders,POST,/orders,create_order,253,1,0,1,0,0
rahaza_orders,PUT,/orders/{oid},update_order,311,1,0,1,0,0
rahaza_orders,POST,/orders/{oid}/status,transition_status,358,1,0,1,0,0
rahaza_orders,DELETE,/orders/{oid},delete_order,392,1,0,1,0,0
rahaza_overtime,POST,,create_request,142,1,0,1,0,0
rahaza_overtime,PUT,/{ot_id}/approve,approve_request,203,1,0,1,0,0
rahaza_overtime,PUT,/{ot_id}/reject,reject_request,227,1,0,1,0,0
rahaza_overtime,DELETE,/{ot_id},cancel_request,255,1,0,1,0,0
rahaza_payroll_allowances,POST,/payroll-allowances,create_allowance,42,0,0,1,0,0
rahaza_payroll_allowances,PUT,/payroll-allowances/{allowance_id},update_allowance,85,0,0,1,0,0
rahaza_payroll_allowances,DELETE,/payroll-allowances/{allowance_id},delete_allowance,109,1,0,1,0,0
rahaza_payroll_payslips,PUT,/payslips/{pid},update_payslip,553,1,0,1,0,0
rahaza_payroll_payslips,POST,/payroll-runs/{run_id}/payslips/{slip_id}/adjust,adjust_payslip,612,1,0,1,0,0
rahaza_payroll_profiles,POST,/payroll-profiles,upsert_profile,108,1,0,1,0,0
rahaza_payroll_profiles,PUT,/payroll-profiles/{pid},update_profile,144,1,0,1,0,0
rahaza_payroll_profiles,DELETE,/payroll-profiles/{pid},delete_profile,164,1,0,1,0,0
rahaza_payroll_runs,POST,/payroll-runs,create_run,51,1,1,1,0,0
rahaza_payroll_runs,POST,/payroll-runs/{run_id}/finalize,finalize_run,171,1,1,1,0,0
rahaza_payroll_runs,POST,/payroll-runs/{run_id}/post-to-gl,retry_post_payroll,267,1,1,1,0,0
rahaza_payroll_runs,POST,/payroll-runs/{run_id}/retry-post,retry_post_alias,283,0,1,1,0,0
rahaza_payroll_runs,POST,/payroll-runs/{run_id}/pay,pay_payroll_run,289,1,1,1,0,0
rahaza_payroll_runs,POST,/payroll-runs/{run_id}/void-payment,void_payroll_payment_endpoint,354,1,1,1,0,0
rahaza_payroll_runs,DELETE,/payroll-runs/{run_id},delete_run,384,1,1,1,0,0
rahaza_payroll_runs,POST,/payroll-runs/{run_id}/pay-bpjs,pay_bpjs,398,1,1,1,0,0
rahaza_payroll_runs,POST,/payroll-runs/{run_id}/pay-pph21,pay_pph21,466,1,1,1,0,0
rahaza_payroll_settings,PUT,/payroll-settings/late-penalty,set_late_penalty,74,1,0,1,0,0
rahaza_payroll_settings,PUT,/payroll-settings/attendance-bonus,set_attendance_bonus,134,1,0,1,0,0
rahaza_periods,POST,/ensure-year,ensure_year,46,1,0,1,0,0
rahaza_periods,POST,/alerts/{alert_id}/resolve,resolve_period_alert,86,1,0,1,0,0
rahaza_periods,POST,/{period_code}/close,close_period,98,1,0,1,0,0
rahaza_periods,POST,/{period_code}/reopen,reopen_period,117,1,0,1,0,0
rahaza_periods,POST,/{period_code}/lock,lock_period,136,1,0,1,0,0
rahaza_petty_cash,POST,/funds,create_fund,178,1,0,1,0,0
rahaza_petty_cash,POST,/funds/{fund_id}/replenish,replenish_fund,231,1,0,1,0,0
rahaza_petty_cash,POST,/funds/{fund_id}/close,close_fund,267,1,0,1,0,0
rahaza_petty_cash,POST,/transactions,create_txn,304,0,0,1,0,0
rahaza_petty_cash,POST,/transactions/{txn_id}/retry-posting,retry_txn_posting,371,1,0,1,0,0
rahaza_po,POST,/purchase-orders,create_po,475,1,0,1,0,0
rahaza_po,PUT,/purchase-orders/{po_id},update_po,522,1,0,1,0,0
rahaza_po,DELETE,/purchase-orders/{po_id},delete_po,563,1,0,1,0,0
rahaza_po,POST,/purchase-orders/{po_id}/submit,submit_po,581,1,0,1,0,0
rahaza_po,POST,/purchase-orders/{po_id}/approve,approve_po,646,1,0,1,0,0
rahaza_po,POST,/purchase-orders/{po_id}/reject,reject_po,742,1,0,1,0,0
rahaza_po,POST,/purchase-orders/{po_id}/cancel,cancel_po,794,1,0,1,0,0
rahaza_po,POST,/purchase-orders/{po_id}/create-gr,create_gr_from_po,977,1,0,1,0,0
rahaza_po,POST,/purchase-orders/bulk-import,bulk_import_po_csv,1141,0,0,1,0,0
rahaza_posting_profiles,PUT,/{event_type},update_profile,451,1,0,1,0,0
rahaza_posting_profiles,POST,/seed,seed_defaults,528,1,0,1,0,0
rahaza_posting_profiles,POST,/seed-da,seed_da_profiles,567,1,0,1,0,0
rahaza_product_categories,POST,,create_category,106,1,0,0,0,0
rahaza_product_categories,PUT,/{cid},update_category,138,1,0,0,0,0
rahaza_product_categories,DELETE,/{cid},deactivate_category,195,1,0,0,0,0
rahaza_production,POST,/models,create_model,153,1,0,1,0,0
rahaza_production,PUT,/models/{mid},update_model,215,1,0,1,0,0
rahaza_production,DELETE,/models/{mid},deactivate_model,299,1,0,1,0,0
rahaza_production,POST,/models/{mid}/images,upload_model_image,327,1,0,1,0,0
rahaza_production,DELETE,/models/{mid}/images,delete_model_image,377,1,0,1,0,0
rahaza_production,POST,/models/{mid}/sop-image,upload_sop_step_image,409,1,0,1,0,0
rahaza_production,PUT,/models/{mid}/sop,save_model_sop,495,1,0,1,0,0
rahaza_production,POST,/sizes,create_size,525,1,0,1,0,0
rahaza_production,PUT,/sizes/{sid},update_size,549,1,0,1,0,0
rahaza_production,DELETE,/sizes/{sid},deactivate_size,566,1,0,1,0,0
rahaza_production,POST,/line-assignments,create_assignment,613,1,0,1,0,0
rahaza_production,PUT,/line-assignments/{aid},update_assignment,689,1,0,1,0,0
rahaza_production,DELETE,/line-assignments/{aid},deactivate_assignment,704,1,0,1,0,0
rahaza_production,POST,/wip/events,record_wip_event,713,1,0,1,0,0
rahaza_production_calendar,POST,/production-calendar,create_calendar_entry,83,0,0,1,0,0
rahaza_production_calendar,PUT,/production-calendar/{entry_id},update_calendar_entry,139,0,0,1,0,0
rahaza_production_calendar,DELETE,/production-calendar/{entry_id},delete_calendar_entry,168,1,0,1,0,0
rahaza_production_calendar,POST,/production-calendar/seed-national,seed_national_holidays,244,0,0,1,0,0
rahaza_reports,PUT,/management/alert-config,put_management_alert_config,1260,1,0,0,0,0
rahaza_reports,POST,/management/alerts/scan,management_alerts_scan,1279,1,0,0,0,0
rahaza_resignation,POST,/submit/{employee_id},submit_resignation,45,1,0,1,0,0
rahaza_resignation,POST,/accept/{employee_id},accept_resignation,76,1,0,1,0,0
rahaza_resignation,POST,/exit-interview/{employee_id},save_exit_interview,101,1,0,1,0,0
rahaza_resignation,PUT,/clearance/{employee_id},update_clearance,128,1,0,1,0,0
rahaza_salary_adjustments,POST,/salary-adjustments,create_adjustment,116,1,0,1,0,0
rahaza_salary_adjustments,POST,/salary-adjustments/{adj_id}/approve-manager,approve_by_manager,193,1,0,1,0,0
rahaza_salary_adjustments,POST,/salary-adjustments/{adj_id}/approve-hr,approve_by_hr,238,1,0,1,0,0
rahaza_salary_adjustments,POST,/salary-adjustments/{adj_id}/reject,reject_adjustment,301,1,0,1,0,0
rahaza_salary_adjustments,DELETE,/salary-adjustments/{adj_id},cancel_adjustment,349,1,0,1,0,0
rahaza_salary_adjustments,POST,/salary-adjustments/generate-from-kpi/{period_id},generate_from_kpi,384,1,0,1,0,0
rahaza_salary_grades,POST,,create_grade,54,1,0,1,0,0
rahaza_salary_grades,PUT,/{grade_id},update_grade,83,1,0,1,0,0
rahaza_salary_grades,DELETE,/{grade_id},delete_grade,99,1,0,1,0,0
rahaza_self,PUT,/self/admin/link-employee,admin_link_employee,177,1,0,1,0,0
rahaza_setup,POST,/seed-sample,seed_sample_data,108,1,0,1,0,0
rahaza_setup,POST,/skip,skip_wizard,408,0,0,1,0,0
rahaza_setup,POST,/dismiss,dismiss_wizard,427,0,0,1,0,0
rahaza_setup,POST,/reset,reset_wizard_state,446,1,0,1,0,0
rahaza_shift_handover,POST,/shift-handovers,create_shift_handover,147,0,0,1,0,0
rahaza_shift_handover,POST,/shift-handovers/{handover_id}/sign-off,sign_off_handover,229,0,0,1,0,0
rahaza_shift_handover,PUT,/shift-handovers/{handover_id},update_shift_handover,269,0,0,1,0,0
rahaza_shift_handover,POST,/handover-templates,create_handover_template,324,0,0,1,0,0
rahaza_shift_handover,PUT,/handover-templates/{template_id},update_handover_template,359,0,0,1,0,0
rahaza_shift_handover,DELETE,/handover-templates/{template_id},deactivate_handover_template,390,1,0,1,0,0
rahaza_shift_handover,POST,/handover-templates/seed-default,seed_default_handover_template,407,0,0,1,0,0
rahaza_shipments,POST,,create_shipment,124,0,0,1,0,0
rahaza_shipments,PUT,/{sid},update_shipment,198,0,0,1,0,0
rahaza_shipments,DELETE,/{sid},delete_shipment,243,1,0,1,0,0
rahaza_shipments,POST,/{sid}/status,change_status,267,0,0,1,0,0
rahaza_shipments,POST,/{sid}/post-cogs,retry_post_cogs,431,0,0,1,0,0
rahaza_shopping_list,POST,/create-pr,create_pr_from_list,48,0,0,1,0,0
rahaza_sop,POST,,create_sop,124,1,0,1,0,0
rahaza_sop,PUT,/{sop_id},update_sop,182,1,0,1,0,0
rahaza_sop,DELETE,/{sop_id},delete_sop,213,1,0,1,0,0
rahaza_sprint22,POST,/bulk-mi/preview,preview_bulk_mi,70,1,0,1,0,0
rahaza_sprint22,POST,/bulk-mi/generate,generate_bulk_mi,196,1,0,1,0,0
rahaza_sprint22,POST,/assignments/bulk,bulk_create_assignments,380,1,0,1,0,0
rahaza_styles,POST,/styles,create_style,55,1,0,1,0,0
rahaza_styles,PUT,/styles/{style_id},update_style,97,1,0,1,0,0
rahaza_styles,DELETE,/styles/{style_id},delete_style,117,1,0,1,0,0
rahaza_styles,POST,/styles/{style_id}/images,upload_style_image,130,1,0,1,0,0
rahaza_styles,DELETE,/styles/{style_id}/images/{img_id},delete_style_image,178,1,0,1,0,0
rahaza_styles,POST,/styles/{style_id}/techpack,upload_techpack,191,1,0,1,0,0
rahaza_styles,DELETE,/styles/{style_id}/techpack,delete_techpack,235,1,0,1,0,0
rahaza_styles,POST,/styles/{style_id}/variants,add_variant,248,1,0,1,0,0
rahaza_styles,DELETE,/styles/{style_id}/variants/{variant_id},delete_variant,270,1,0,1,0,0
rahaza_variants,POST,/colors,create_color,97,1,0,0,0,0
rahaza_variants,PUT,/colors/{cid},update_color,124,1,0,0,0,0
rahaza_variants,DELETE,/colors/{cid},deactivate_color,155,1,0,0,0,0
rahaza_variants,POST,/models/{model_id}/variants/generate,generate_variants,217,1,0,0,0,0
rahaza_variants,POST,/variants,create_variant,286,1,0,0,0,0
rahaza_variants,PUT,/variants/{vid},update_variant,334,1,0,0,0,0
rahaza_variants,DELETE,/variants/{vid},deactivate_variant,355,1,0,0,0,0
rahaza_year_end,POST,/close,close_year,73,1,0,1,0,0
rahaza_year_end,POST,/{year}/reverse,reverse_year_end,106,1,0,1,0,0
sales_direct,POST,/customers,create_customer,67,1,1,1,0,0
sales_direct,PUT,/customers/{cid},update_customer,100,1,1,1,0,0
sales_direct,DELETE,/customers/{cid},deactivate_customer,117,1,1,1,0,0
sales_direct,POST,/direct-sales,create_direct_sale,172,1,1,1,0,0
sales_direct,POST,/direct-sales/{sid}/confirm,confirm_direct_sale,302,1,1,1,0,0
sales_direct,POST,/direct-sales/{sid}/payment,pay_direct_sale,386,1,1,1,0,0
sales_direct,POST,/direct-sales/{sid}/cancel,cancel_direct_sale,407,1,1,1,0,0
sales_direct,POST,/direct-sales/{sid}/returns,create_return,608,1,1,1,0,0
sku_bridge,POST,/bulk-resolve,bulk_resolve,140,0,0,1,0,0
sku_bridge,POST,/map,map_sku,169,0,0,1,0,0
sku_bridge,POST,/auto-map,auto_map,191,0,0,1,0,0
sku_bridge,POST,/relink,relink,205,0,0,1,0,0
sku_bridge,POST,/create-master,create_master,227,0,0,1,0,0
sku_bridge,DELETE,/mappings/{platform_sku_id},unmap,256,1,0,1,0,0
study_groups,POST,,create_study_group,185,0,0,1,0,0
study_groups,POST,/{group_id}/members,add_study_group_members,340,1,0,1,0,0
study_groups,DELETE,/{group_id}/members/{member_id},remove_study_group_member,418,0,0,1,0,0
study_groups,DELETE,/{group_id},delete_study_group,462,1,0,1,0,0
sync_audit,POST,/repair,repair,40,0,0,1,0,0
unified_inventory,POST,/stock/unified/adjust,adjust_stock,293,1,0,1,0,0
universal_scan,POST,/resolve,resolve_scan_post,316,0,0,1,0,0
variant_onboarding,POST,/apply,apply,111,0,0,1,0,0
variant_onboarding,POST,/rollback,rollback,129,1,0,1,0,0
variant_onboarding,POST,/options,upsert_option,170,1,0,1,0,0
variant_onboarding,DELETE,/options/{code},deactivate_option,198,1,0,1,0,0
variant_onboarding,POST,/colors/merge,color_merge,228,1,0,1,0,0
variant_onboarding,POST,/masters/ensure,masters_ensure,241,1,0,1,0,0
vendor_portal,POST,/partners,create_partner,165,1,0,0,0,0
vendor_portal,PUT,/partners/{partner_id},update_partner,192,1,0,0,0,0
vendor_portal,DELETE,/partners/{partner_id},delete_partner,227,1,0,0,0,0
vendor_portal,POST,/accounts,create_vendor_account,285,1,0,0,0,0
vendor_portal,PUT,/accounts/{account_id},update_vendor_account,314,1,0,0,0,0
vendor_portal,DELETE,/accounts/{account_id},delete_vendor_account,342,1,0,0,0,0
vendor_portal,POST,/jobs,create_job,380,1,0,0,0,0
vendor_portal,PUT,/jobs/{job_id},update_job,421,1,0,0,0,0
vendor_portal,DELETE,/jobs/{job_id},delete_job,465,1,0,0,0,0
vendor_portal,POST,/my-jobs/{job_id}/progress,vendor_submit_progress,587,1,0,0,0,0
vendor_portal,DELETE,/my-jobs/{job_id}/progress/{report_id},vendor_delete_progress,651,1,0,0,0,0
vendor_shipment,POST,/vendor-shipments/material-preview,vendor_shipment_material_preview,30,1,0,1,0,0
vendor_shipment,POST,/vendor-shipments,create_vendor_shipment,301,1,0,1,0,0
vendor_shipment,PUT,/vendor-shipments/{sid},update_vendor_shipment,496,1,0,1,0,0
vendor_shipment,DELETE,/vendor-shipments/{sid},delete_vendor_shipment,563,1,0,1,0,0
vendor_shipment,POST,/vendor-material-inspections,create_inspection,724,1,0,1,0,0
warehouse,POST,/locations,create_location,133,0,0,1,0,0
warehouse,PUT,/locations/{location_id},update_location,140,0,0,1,0,0
warehouse,DELETE,/locations/{location_id},delete_location,147,1,0,1,0,0
warehouse,POST,/receiving,create_receiving,174,0,0,1,0,0
warehouse,PUT,/receiving/{receipt_id},update_receiving,263,0,0,1,0,0
warehouse,DELETE,/receiving/{receipt_id},delete_receiving,669,1,0,1,0,0
wms_ai_insights,POST,/fabric-rolls/quality-analysis,analyze_fabric_quality_patterns,50,0,0,1,0,0
wms_ai_insights,POST,/cmt-dispatches/smart-recommendations,get_smart_material_recommendations,102,0,0,1,0,0
wms_ai_insights,POST,/opname/predict-variances,predict_cycle_variances,166,0,0,1,0,0
wms_audit,POST,/hotspot/{position_barcode}/rca,hotspot_rca,308,1,0,1,0,0
wms_barcode,POST,/batch-pdf,barcode_batch_pdf,262,0,0,1,0,0
wms_capacity_planning,PUT,/config,update_capacity_config,166,1,0,1,0,0
wms_capacity_planning,POST,/check-wo,check_wo_capacity,214,0,0,1,0,0
wms_capacity_planning,POST,/simulate,simulate_wo_schedule,337,0,0,1,0,0
wms_cmt_dispatches,POST,,create_dispatch,118,0,0,1,0,0
wms_cmt_dispatches,PUT,/{dispatch_id},update_dispatch,177,0,0,1,0,0
wms_cmt_dispatches,POST,/{dispatch_id}/dispatch,execute_dispatch,197,0,0,1,0,0
wms_cmt_dispatches,POST,/{dispatch_id}/return-line,return_materials,294,0,0,1,0,0
wms_cmt_dispatches,POST,/{dispatch_id}/cancel,cancel_dispatch,326,0,0,1,0,0
wms_delivery_notes,POST,,create_sj,186,0,0,1,0,0
wms_delivery_notes,PUT,/{sj_id},update_sj,506,0,0,1,0,0
wms_delivery_notes,POST,/{sj_id}/issue,issue_sj,527,0,0,1,0,0
wms_delivery_notes,POST,/{sj_id}/receive,receive_sj,596,0,0,1,0,0
wms_delivery_notes,POST,/{sj_id}/cancel,cancel_sj,616,0,0,1,0,0
wms_delivery_notes,DELETE,/{sj_id},delete_sj,635,1,0,1,0,0
wms_fabric_rolls,POST,,create_roll,231,0,0,1,0,0
wms_fabric_rolls,POST,/issue-from-receipt,issue_from_receipt,318,0,0,1,0,0
wms_fabric_rolls,PUT,/{roll_id},update_roll,423,0,0,1,0,0
wms_fabric_rolls,POST,/{roll_id}/putaway,putaway_roll,441,0,0,1,0,0
wms_fabric_rolls,POST,/{roll_id}/issue,issue_roll,464,0,0,1,0,0
wms_fabric_rolls,POST,/{roll_id}/return,return_roll,502,0,0,1,0,0
wms_fabric_rolls,POST,/{roll_id}/reject,reject_roll,525,1,0,1,0,0
wms_fabric_rolls,POST,/{roll_id}/adjust,adjust_roll,554,0,0,1,0,0
wms_fabric_rolls,DELETE,/{roll_id},delete_roll,626,1,0,1,0,0
wms_fg_labels,POST,/labels/batch-pdf,batch_fg_labels_pdf,91,0,0,1,0,0
wms_fg_labels,POST,/label-pdf/custom,custom_fg_label_pdf,110,0,0,1,0,0
wms_labels,POST,/labels/batch-pdf,batch_labels_pdf,201,0,0,1,0,0
wms_legacy,POST,/locations,create_location,44,0,0,1,0,0
wms_legacy,PUT,/locations/{location_id},update_location,49,0,0,1,0,0
wms_legacy,DELETE,/locations/{location_id},delete_location,54,1,0,1,0,0
wms_legacy,POST,/receiving,create_receiving,71,0,0,1,0,0
wms_legacy,PUT,/receiving/{receipt_id},update_receiving,76,0,0,1,0,0
wms_legacy,DELETE,/receiving/{receipt_id},delete_receiving,81,1,0,1,0,0
wms_material_labels,POST,/labels/batch-pdf,batch_material_labels_pdf,102,0,0,1,0,0
wms_opname3,POST,/sessions,create_session,224,1,0,1,0,0
wms_opname3,POST,/scan,scan,303,0,0,1,0,0
wms_opname3,POST,/scan-undo,scan_undo,373,0,0,1,0,0
wms_opname3,POST,/submit,submit_session,402,0,0,1,0,0
wms_opname3,POST,/approve,approve_session,424,0,0,1,0,0
wms_opname3,POST,/reject,reject_session,505,0,0,1,0,0
wms_opname3,POST,/cancel,cancel_session,525,0,0,1,0,0
wms_picklist,POST,,create_picklist,144,0,0,1,0,0
wms_picklist,PUT,/{picklist_id}/item/{pick_item_id}/pick,mark_item_picked,263,0,0,1,0,0
wms_picklist,POST,/{picklist_id}/complete,complete_picklist,305,0,0,1,0,0
wms_picklist,DELETE,/{picklist_id},delete_picklist,318,1,0,1,0,0
wms_putaway,POST,/place,place,196,1,0,1,0,0
wms_quarantine,POST,/{item_id}/retry-block,retry_block_item,127,1,0,1,0,0
wms_quarantine,POST,/{item_id}/release,release_item,182,1,0,1,0,0
wms_quarantine,POST,/{item_id}/return-supplier,return_to_supplier,225,1,0,1,0,0
wms_quarantine,POST,/{item_id}/scrap,scrap_item,258,1,0,1,0,0
wms_quarantine,POST,/manual,manual_quarantine,293,1,0,1,0,0
wms_receiving,POST,/pending,create_pending,398,0,0,1,0,0
wms_receiving,POST,/pending/{movement_id}/scan-in,scan_in,427,0,0,1,0,0
wms_receiving,POST,/pending/{movement_id}/scan-out,scan_out,593,0,0,1,0,0
wms_receiving,POST,/pending/{movement_id}/cancel,cancel_pending,712,0,0,1,0,0
wms_receiving,POST,/pending/create-from-production,create_from_production,732,0,0,1,0,0
wms_receiving,POST,/pending/create-from-shipment,create_from_shipment,769,0,0,1,0,0
wms_receiving,POST,/pending/create-from-material-issue,create_from_material_issue,800,0,0,1,0,0
wms_receiving,POST,/stock/reset-all,reset_all_stock,842,1,0,1,0,0
wms_receiving,POST,/rack-alerts/{alert_id}/acknowledge,ack_rack_alert,933,0,0,1,0,0
wms_receiving,POST,/rack-alerts/scan-all,scan_all_racks,947,0,0,1,0,0
wms_stock_schema,POST,/reconcile,schema_reconcile,55,0,0,1,0,0
wms_stock_schema,POST,/reconcile/rollback,schema_reconcile_rollback,79,0,0,1,0,0
wms_structure,POST,/buildings,create_building,95,0,0,1,0,0
wms_structure,PUT,/buildings/{building_id},update_building,112,0,0,1,0,0
wms_structure,DELETE,/buildings/{building_id},delete_building,126,1,0,1,0,0
wms_structure,POST,/zones,create_zone,154,0,0,1,0,0
wms_structure,PUT,/zones/{zone_id},update_zone,175,0,0,1,0,0
wms_structure,DELETE,/zones/{zone_id},delete_zone,189,1,0,1,0,0
wms_structure,POST,/racks,create_rack,265,0,0,1,0,0
wms_structure,PUT,/racks/{rack_id},update_rack,315,0,0,1,0,0
wms_structure,DELETE,/racks/{rack_id},delete_rack,368,1,0,1,0,0
wms_structure,PUT,/positions/{position_id},update_position,420,0,0,1,0,0
wms_structure,POST,/structure/build-canonical-storage,build_canonical_storage,668,1,0,1,0,0
wms_structure,POST,/structure/seed-demo,seed_demo_structure,736,0,0,1,0,0
wms_units,POST,/units/seed,seed_units,167,0,0,1,0,0
wms_units,POST,/units,create_unit,228,0,0,1,0,0
wms_units,PUT,/units/{unit_id},update_unit,245,0,0,1,0,0
wms_units,DELETE,/units/{unit_id},delete_unit,259,1,0,1,0,0
wms_units,POST,/unit-conversions,create_conversion,284,0,0,1,0,0
wms_units,PUT,/unit-conversions/{conv_id},update_conversion,306,0,0,1,0,0
wms_units,DELETE,/unit-conversions/{conv_id},delete_conversion,319,1,0,1,0,0
wms_units,POST,/units/convert,convert_qty,361,0,0,1,0,0
workspace,POST,/documents,create_document,82,0,0,1,0,0
workspace,PUT,/documents/{doc_id},update_document,196,1,0,1,0,0
workspace,DELETE,/documents/{doc_id},delete_document,227,1,0,1,0,0
workspace,POST,/documents/{doc_id}/share,share_document,248,1,0,1,0,0
workspace,DELETE,/documents/{doc_id}/share/{user_id},revoke_share,311,1,0,1,0,0
workspace,POST,/documents/import-excel,import_excel,334,0,0,1,0,0
workspace,POST,/documents/import-from-module,import_from_module,444,0,0,1,0,0
workspace,POST,/documents/preview-excel,preview_excel,580,0,0,1,0,0
workspace,POST,/documents/import-excel-mapped,import_excel_mapped,633,0,0,1,0,0
workspace,POST,/documents/{doc_id}/versions,save_version,711,1,0,1,0,0
workspace,POST,/documents/{doc_id}/versions/{version_id}/restore,restore_version,778,1,0,1,0,0
